PATH,CLASS
/work/cvcs2024/air_pollution_prediction/miniEuroSAT/PermanentCrop/PermanentCrop_1.jpg,PermanentCrop
/work/cvcs2024/air_pollution_prediction/miniEuroSAT/PermanentCrop/PermanentCrop_6.jpg,PermanentCrop
/work/cvcs2024/air_pollution_prediction/miniEuroSAT/PermanentCrop/PermanentCrop_8.jpg,PermanentCrop
/work/cvcs2024/air_pollution_prediction/miniEuroSAT/PermanentCrop/PermanentCrop_10.jpg,PermanentCrop
/work/cvcs2024/air_pollution_prediction/miniEuroSAT/PermanentCrop/PermanentCrop_19.jpg,PermanentCrop
/work/cvcs2024/air_pollution_prediction/miniEuroSAT/PermanentCrop/PermanentCrop_62.jpg,PermanentCrop
/work/cvcs2024/air_pollution_prediction/miniEuroSAT/PermanentCrop/PermanentCrop_65.jpg,PermanentCrop
/work/cvcs2024/air_pollution_prediction/miniEuroSAT/PermanentCrop/PermanentCrop_118.jpg,PermanentCrop
/work/cvcs2024/air_pollution_prediction/miniEuroSAT/PermanentCrop/PermanentCrop_163.jpg,PermanentCrop
/work/cvcs2024/air_pollution_prediction/miniEuroSAT/PermanentCrop/PermanentCrop_164.jpg,PermanentCrop
/work/cvcs2024/air_pollution_prediction/miniEuroSAT/PermanentCrop/PermanentCrop_208.jpg,PermanentCrop
/work/cvcs2024/air_pollution_prediction/miniEuroSAT/PermanentCrop/PermanentCrop_273.jpg,PermanentCrop
/work/cvcs2024/air_pollution_prediction/miniEuroSAT/PermanentCrop/PermanentCrop_274.jpg,PermanentCrop
/work/cvcs2024/air_pollution_prediction/miniEuroSAT/PermanentCrop/PermanentCrop_322.jpg,PermanentCrop
/work/cvcs2024/air_pollution_prediction/miniEuroSAT/PermanentCrop/PermanentCrop_350.jpg,PermanentCrop
/work/cvcs2024/air_pollution_prediction/miniEuroSAT/PermanentCrop/PermanentCrop_357.jpg,PermanentCrop
/work/cvcs2024/air_pollution_prediction/miniEuroSAT/PermanentCrop/PermanentCrop_381.jpg,PermanentCrop
/work/cvcs2024/air_pollution_prediction/miniEuroSAT/PermanentCrop/PermanentCrop_386.jpg,PermanentCrop
/work/cvcs2024/air_pollution_prediction/miniEuroSAT/PermanentCrop/PermanentCrop_421.jpg,PermanentCrop
/work/cvcs2024/air_pollution_prediction/miniEuroSAT/PermanentCrop/PermanentCrop_426.jpg,PermanentCrop
/work/cvcs2024/air_pollution_prediction/miniEuroSAT/PermanentCrop/PermanentCrop_454.jpg,PermanentCrop
/work/cvcs2024/air_pollution_prediction/miniEuroSAT/PermanentCrop/PermanentCrop_485.jpg,PermanentCrop
/work/cvcs2024/air_pollution_prediction/miniEuroSAT/PermanentCrop/PermanentCrop_502.jpg,PermanentCrop
/work/cvcs2024/air_pollution_prediction/miniEuroSAT/PermanentCrop/PermanentCrop_505.jpg,PermanentCrop
/work/cvcs2024/air_pollution_prediction/miniEuroSAT/PermanentCrop/PermanentCrop_579.jpg,PermanentCrop
/work/cvcs2024/air_pollution_prediction/miniEuroSAT/PermanentCrop/PermanentCrop_612.jpg,PermanentCrop
/work/cvcs2024/air_pollution_prediction/miniEuroSAT/PermanentCrop/PermanentCrop_615.jpg,PermanentCrop
/work/cvcs2024/air_pollution_prediction/miniEuroSAT/PermanentCrop/PermanentCrop_669.jpg,PermanentCrop
/work/cvcs2024/air_pollution_prediction/miniEuroSAT/PermanentCrop/PermanentCrop_731.jpg,PermanentCrop
/work/cvcs2024/air_pollution_prediction/miniEuroSAT/PermanentCrop/PermanentCrop_736.jpg,PermanentCrop
/work/cvcs2024/air_pollution_prediction/miniEuroSAT/PermanentCrop/PermanentCrop_743.jpg,PermanentCrop
/work/cvcs2024/air_pollution_prediction/miniEuroSAT/PermanentCrop/PermanentCrop_792.jpg,PermanentCrop
/work/cvcs2024/air_pollution_prediction/miniEuroSAT/PermanentCrop/PermanentCrop_826.jpg,PermanentCrop
/work/cvcs2024/air_pollution_prediction/miniEuroSAT/PermanentCrop/PermanentCrop_828.jpg,PermanentCrop
/work/cvcs2024/air_pollution_prediction/miniEuroSAT/PermanentCrop/PermanentCrop_853.jpg,PermanentCrop
/work/cvcs2024/air_pollution_prediction/miniEuroSAT/PermanentCrop/PermanentCrop_854.jpg,PermanentCrop
/work/cvcs2024/air_pollution_prediction/miniEuroSAT/PermanentCrop/PermanentCrop_882.jpg,PermanentCrop
/work/cvcs2024/air_pollution_prediction/miniEuroSAT/PermanentCrop/PermanentCrop_885.jpg,PermanentCrop
/work/cvcs2024/air_pollution_prediction/miniEuroSAT/PermanentCrop/PermanentCrop_970.jpg,PermanentCrop
/work/cvcs2024/air_pollution_prediction/miniEuroSAT/PermanentCrop/PermanentCrop_977.jpg,PermanentCrop
/work/cvcs2024/air_pollution_prediction/miniEuroSAT/PermanentCrop/PermanentCrop_1022.jpg,PermanentCrop
/work/cvcs2024/air_pollution_prediction/miniEuroSAT/PermanentCrop/PermanentCrop_1025.jpg,PermanentCrop
/work/cvcs2024/air_pollution_prediction/miniEuroSAT/PermanentCrop/PermanentCrop_1050.jpg,PermanentCrop
/work/cvcs2024/air_pollution_prediction/miniEuroSAT/PermanentCrop/PermanentCrop_1059.jpg,PermanentCrop
/work/cvcs2024/air_pollution_prediction/miniEuroSAT/PermanentCrop/PermanentCrop_1081.jpg,PermanentCrop
/work/cvcs2024/air_pollution_prediction/miniEuroSAT/PermanentCrop/PermanentCrop_1088.jpg,PermanentCrop
/work/cvcs2024/air_pollution_prediction/miniEuroSAT/PermanentCrop/PermanentCrop_1101.jpg,PermanentCrop
/work/cvcs2024/air_pollution_prediction/miniEuroSAT/PermanentCrop/PermanentCrop_1106.jpg,PermanentCrop
/work/cvcs2024/air_pollution_prediction/miniEuroSAT/PermanentCrop/PermanentCrop_1108.jpg,PermanentCrop
/work/cvcs2024/air_pollution_prediction/miniEuroSAT/PermanentCrop/PermanentCrop_1211.jpg,PermanentCrop
/work/cvcs2024/air_pollution_prediction/miniEuroSAT/PermanentCrop/PermanentCrop_1216.jpg,PermanentCrop
/work/cvcs2024/air_pollution_prediction/miniEuroSAT/PermanentCrop/PermanentCrop_1263.jpg,PermanentCrop
/work/cvcs2024/air_pollution_prediction/miniEuroSAT/PermanentCrop/PermanentCrop_1332.jpg,PermanentCrop
/work/cvcs2024/air_pollution_prediction/miniEuroSAT/PermanentCrop/PermanentCrop_1335.jpg,PermanentCrop
/work/cvcs2024/air_pollution_prediction/miniEuroSAT/PermanentCrop/PermanentCrop_1347.jpg,PermanentCrop
/work/cvcs2024/air_pollution_prediction/miniEuroSAT/PermanentCrop/PermanentCrop_1349.jpg,PermanentCrop
/work/cvcs2024/air_pollution_prediction/miniEuroSAT/PermanentCrop/PermanentCrop_1396.jpg,PermanentCrop
/work/cvcs2024/air_pollution_prediction/miniEuroSAT/PermanentCrop/PermanentCrop_1398.jpg,PermanentCrop
/work/cvcs2024/air_pollution_prediction/miniEuroSAT/PermanentCrop/PermanentCrop_1431.jpg,PermanentCrop
/work/cvcs2024/air_pollution_prediction/miniEuroSAT/PermanentCrop/PermanentCrop_1438.jpg,PermanentCrop
/work/cvcs2024/air_pollution_prediction/miniEuroSAT/PermanentCrop/PermanentCrop_1443.jpg,PermanentCrop
/work/cvcs2024/air_pollution_prediction/miniEuroSAT/PermanentCrop/PermanentCrop_1444.jpg,PermanentCrop
/work/cvcs2024/air_pollution_prediction/miniEuroSAT/PermanentCrop/PermanentCrop_1492.jpg,PermanentCrop
/work/cvcs2024/air_pollution_prediction/miniEuroSAT/PermanentCrop/PermanentCrop_1495.jpg,PermanentCrop
/work/cvcs2024/air_pollution_prediction/miniEuroSAT/PermanentCrop/PermanentCrop_1560.jpg,PermanentCrop
/work/cvcs2024/air_pollution_prediction/miniEuroSAT/PermanentCrop/PermanentCrop_1567.jpg,PermanentCrop
/work/cvcs2024/air_pollution_prediction/miniEuroSAT/PermanentCrop/PermanentCrop_1569.jpg,PermanentCrop
/work/cvcs2024/air_pollution_prediction/miniEuroSAT/PermanentCrop/PermanentCrop_1602.jpg,PermanentCrop
/work/cvcs2024/air_pollution_prediction/miniEuroSAT/PermanentCrop/PermanentCrop_1670.jpg,PermanentCrop
/work/cvcs2024/air_pollution_prediction/miniEuroSAT/PermanentCrop/PermanentCrop_1677.jpg,PermanentCrop
/work/cvcs2024/air_pollution_prediction/miniEuroSAT/PermanentCrop/PermanentCrop_1726.jpg,PermanentCrop
/work/cvcs2024/air_pollution_prediction/miniEuroSAT/PermanentCrop/PermanentCrop_1728.jpg,PermanentCrop
/work/cvcs2024/air_pollution_prediction/miniEuroSAT/PermanentCrop/PermanentCrop_1753.jpg,PermanentCrop
/work/cvcs2024/air_pollution_prediction/miniEuroSAT/PermanentCrop/PermanentCrop_1754.jpg,PermanentCrop
/work/cvcs2024/air_pollution_prediction/miniEuroSAT/PermanentCrop/PermanentCrop_1782.jpg,PermanentCrop
/work/cvcs2024/air_pollution_prediction/miniEuroSAT/PermanentCrop/PermanentCrop_1785.jpg,PermanentCrop
/work/cvcs2024/air_pollution_prediction/miniEuroSAT/PermanentCrop/PermanentCrop_1831.jpg,PermanentCrop
/work/cvcs2024/air_pollution_prediction/miniEuroSAT/PermanentCrop/PermanentCrop_1836.jpg,PermanentCrop
/work/cvcs2024/air_pollution_prediction/miniEuroSAT/PermanentCrop/PermanentCrop_1843.jpg,PermanentCrop
/work/cvcs2024/air_pollution_prediction/miniEuroSAT/PermanentCrop/PermanentCrop_1892.jpg,PermanentCrop
/work/cvcs2024/air_pollution_prediction/miniEuroSAT/PermanentCrop/PermanentCrop_1912.jpg,PermanentCrop
/work/cvcs2024/air_pollution_prediction/miniEuroSAT/PermanentCrop/PermanentCrop_1915.jpg,PermanentCrop
/work/cvcs2024/air_pollution_prediction/miniEuroSAT/PermanentCrop/PermanentCrop_1969.jpg,PermanentCrop
/work/cvcs2024/air_pollution_prediction/miniEuroSAT/PermanentCrop/PermanentCrop_2013.jpg,PermanentCrop
/work/cvcs2024/air_pollution_prediction/miniEuroSAT/PermanentCrop/PermanentCrop_2014.jpg,PermanentCrop
/work/cvcs2024/air_pollution_prediction/miniEuroSAT/PermanentCrop/PermanentCrop_2068.jpg,PermanentCrop
/work/cvcs2024/air_pollution_prediction/miniEuroSAT/PermanentCrop/PermanentCrop_2130.jpg,PermanentCrop
/work/cvcs2024/air_pollution_prediction/miniEuroSAT/PermanentCrop/PermanentCrop_2137.jpg,PermanentCrop
/work/cvcs2024/air_pollution_prediction/miniEuroSAT/PermanentCrop/PermanentCrop_2145.jpg,PermanentCrop
/work/cvcs2024/air_pollution_prediction/miniEuroSAT/PermanentCrop/PermanentCrop_2194.jpg,PermanentCrop
/work/cvcs2024/air_pollution_prediction/miniEuroSAT/PermanentCrop/PermanentCrop_2220.jpg,PermanentCrop
/work/cvcs2024/air_pollution_prediction/miniEuroSAT/PermanentCrop/PermanentCrop_2227.jpg,PermanentCrop
/work/cvcs2024/air_pollution_prediction/miniEuroSAT/PermanentCrop/PermanentCrop_2252.jpg,PermanentCrop
/work/cvcs2024/air_pollution_prediction/miniEuroSAT/PermanentCrop/PermanentCrop_2283.jpg,PermanentCrop
/work/cvcs2024/air_pollution_prediction/miniEuroSAT/PermanentCrop/PermanentCrop_2303.jpg,PermanentCrop
/work/cvcs2024/air_pollution_prediction/miniEuroSAT/PermanentCrop/PermanentCrop_2304.jpg,PermanentCrop
/work/cvcs2024/air_pollution_prediction/miniEuroSAT/PermanentCrop/PermanentCrop_2378.jpg,PermanentCrop
/work/cvcs2024/air_pollution_prediction/miniEuroSAT/PermanentCrop/PermanentCrop_2409.jpg,PermanentCrop
/work/cvcs2024/air_pollution_prediction/miniEuroSAT/PermanentCrop/PermanentCrop_2472.jpg,PermanentCrop
/work/cvcs2024/air_pollution_prediction/miniEuroSAT/PermanentCrop/PermanentCrop_2475.jpg,PermanentCrop
/work/cvcs2024/air_pollution_prediction/miniEuroSAT/SeaLake/SeaLake_38.jpg,SeaLake
/work/cvcs2024/air_pollution_prediction/miniEuroSAT/SeaLake/SeaLake_43.jpg,SeaLake
/work/cvcs2024/air_pollution_prediction/miniEuroSAT/SeaLake/SeaLake_44.jpg,SeaLake
/work/cvcs2024/air_pollution_prediction/miniEuroSAT/SeaLake/SeaLake_92.jpg,SeaLake
/work/cvcs2024/air_pollution_prediction/miniEuroSAT/SeaLake/SeaLake_95.jpg,SeaLake
/work/cvcs2024/air_pollution_prediction/miniEuroSAT/SeaLake/SeaLake_113.jpg,SeaLake
/work/cvcs2024/air_pollution_prediction/miniEuroSAT/SeaLake/SeaLake_114.jpg,SeaLake
/work/cvcs2024/air_pollution_prediction/miniEuroSAT/SeaLake/SeaLake_168.jpg,SeaLake
/work/cvcs2024/air_pollution_prediction/miniEuroSAT/SeaLake/SeaLake_203.jpg,SeaLake
/work/cvcs2024/air_pollution_prediction/miniEuroSAT/SeaLake/SeaLake_204.jpg,SeaLake
/work/cvcs2024/air_pollution_prediction/miniEuroSAT/SeaLake/SeaLake_278.jpg,SeaLake
/work/cvcs2024/air_pollution_prediction/miniEuroSAT/SeaLake/SeaLake_320.jpg,SeaLake
/work/cvcs2024/air_pollution_prediction/miniEuroSAT/SeaLake/SeaLake_327.jpg,SeaLake
/work/cvcs2024/air_pollution_prediction/miniEuroSAT/SeaLake/SeaLake_352.jpg,SeaLake
/work/cvcs2024/air_pollution_prediction/miniEuroSAT/SeaLake/SeaLake_383.jpg,SeaLake
/work/cvcs2024/air_pollution_prediction/miniEuroSAT/SeaLake/SeaLake_424.jpg,SeaLake
/work/cvcs2024/air_pollution_prediction/miniEuroSAT/SeaLake/SeaLake_451.jpg,SeaLake
/work/cvcs2024/air_pollution_prediction/miniEuroSAT/SeaLake/SeaLake_456.jpg,SeaLake
/work/cvcs2024/air_pollution_prediction/miniEuroSAT/SeaLake/SeaLake_480.jpg,SeaLake
/work/cvcs2024/air_pollution_prediction/miniEuroSAT/SeaLake/SeaLake_487.jpg,SeaLake
/work/cvcs2024/air_pollution_prediction/miniEuroSAT/SeaLake/SeaLake_509.jpg,SeaLake
/work/cvcs2024/air_pollution_prediction/miniEuroSAT/SeaLake/SeaLake_572.jpg,SeaLake
/work/cvcs2024/air_pollution_prediction/miniEuroSAT/SeaLake/SeaLake_575.jpg,SeaLake
/work/cvcs2024/air_pollution_prediction/miniEuroSAT/SeaLake/SeaLake_619.jpg,SeaLake
/work/cvcs2024/air_pollution_prediction/miniEuroSAT/SeaLake/SeaLake_662.jpg,SeaLake
/work/cvcs2024/air_pollution_prediction/miniEuroSAT/SeaLake/SeaLake_665.jpg,SeaLake
/work/cvcs2024/air_pollution_prediction/miniEuroSAT/SeaLake/SeaLake_733.jpg,SeaLake
/work/cvcs2024/air_pollution_prediction/miniEuroSAT/SeaLake/SeaLake_741.jpg,SeaLake
/work/cvcs2024/air_pollution_prediction/miniEuroSAT/SeaLake/SeaLake_746.jpg,SeaLake
/work/cvcs2024/air_pollution_prediction/miniEuroSAT/SeaLake/SeaLake_790.jpg,SeaLake
/work/cvcs2024/air_pollution_prediction/miniEuroSAT/SeaLake/SeaLake_797.jpg,SeaLake
/work/cvcs2024/air_pollution_prediction/miniEuroSAT/SeaLake/SeaLake_823.jpg,SeaLake
/work/cvcs2024/air_pollution_prediction/miniEuroSAT/SeaLake/SeaLake_824.jpg,SeaLake
/work/cvcs2024/air_pollution_prediction/miniEuroSAT/SeaLake/SeaLake_856.jpg,SeaLake
/work/cvcs2024/air_pollution_prediction/miniEuroSAT/SeaLake/SeaLake_858.jpg,SeaLake
/work/cvcs2024/air_pollution_prediction/miniEuroSAT/SeaLake/SeaLake_887.jpg,SeaLake
/work/cvcs2024/air_pollution_prediction/miniEuroSAT/SeaLake/SeaLake_889.jpg,SeaLake
/work/cvcs2024/air_pollution_prediction/miniEuroSAT/SeaLake/SeaLake_900.jpg,SeaLake
/work/cvcs2024/air_pollution_prediction/miniEuroSAT/SeaLake/SeaLake_907.jpg,SeaLake
/work/cvcs2024/air_pollution_prediction/miniEuroSAT/SeaLake/SeaLake_1018.jpg,SeaLake
/work/cvcs2024/air_pollution_prediction/miniEuroSAT/SeaLake/SeaLake_1063.jpg,SeaLake
/work/cvcs2024/air_pollution_prediction/miniEuroSAT/SeaLake/SeaLake_1064.jpg,SeaLake
/work/cvcs2024/air_pollution_prediction/miniEuroSAT/SeaLake/SeaLake_1135.jpg,SeaLake
/work/cvcs2024/air_pollution_prediction/miniEuroSAT/SeaLake/SeaLake_1140.jpg,SeaLake
/work/cvcs2024/air_pollution_prediction/miniEuroSAT/SeaLake/SeaLake_1147.jpg,SeaLake
/work/cvcs2024/air_pollution_prediction/miniEuroSAT/SeaLake/SeaLake_1191.jpg,SeaLake
/work/cvcs2024/air_pollution_prediction/miniEuroSAT/SeaLake/SeaLake_1196.jpg,SeaLake
/work/cvcs2024/air_pollution_prediction/miniEuroSAT/SeaLake/SeaLake_1250.jpg,SeaLake
/work/cvcs2024/air_pollution_prediction/miniEuroSAT/SeaLake/SeaLake_1257.jpg,SeaLake
/work/cvcs2024/air_pollution_prediction/miniEuroSAT/SeaLake/SeaLake_1281.jpg,SeaLake
/work/cvcs2024/air_pollution_prediction/miniEuroSAT/SeaLake/SeaLake_1286.jpg,SeaLake
/work/cvcs2024/air_pollution_prediction/miniEuroSAT/SeaLake/SeaLake_1308.jpg,SeaLake
/work/cvcs2024/air_pollution_prediction/miniEuroSAT/SeaLake/SeaLake_1373.jpg,SeaLake
/work/cvcs2024/air_pollution_prediction/miniEuroSAT/SeaLake/SeaLake_1374.jpg,SeaLake
/work/cvcs2024/air_pollution_prediction/miniEuroSAT/SeaLake/SeaLake_1402.jpg,SeaLake
/work/cvcs2024/air_pollution_prediction/miniEuroSAT/SeaLake/SeaLake_1405.jpg,SeaLake
/work/cvcs2024/air_pollution_prediction/miniEuroSAT/SeaLake/SeaLake_1479.jpg,SeaLake
/work/cvcs2024/air_pollution_prediction/miniEuroSAT/SeaLake/SeaLake_1521.jpg,SeaLake
/work/cvcs2024/air_pollution_prediction/miniEuroSAT/SeaLake/SeaLake_1526.jpg,SeaLake
/work/cvcs2024/air_pollution_prediction/miniEuroSAT/SeaLake/SeaLake_1554.jpg,SeaLake
/work/cvcs2024/air_pollution_prediction/miniEuroSAT/SeaLake/SeaLake_1585.jpg,SeaLake
/work/cvcs2024/air_pollution_prediction/miniEuroSAT/SeaLake/SeaLake_1631.jpg,SeaLake
/work/cvcs2024/air_pollution_prediction/miniEuroSAT/SeaLake/SeaLake_1636.jpg,SeaLake
/work/cvcs2024/air_pollution_prediction/miniEuroSAT/SeaLake/SeaLake_1643.jpg,SeaLake
/work/cvcs2024/air_pollution_prediction/miniEuroSAT/SeaLake/SeaLake_1712.jpg,SeaLake
/work/cvcs2024/air_pollution_prediction/miniEuroSAT/SeaLake/SeaLake_1715.jpg,SeaLake
/work/cvcs2024/air_pollution_prediction/miniEuroSAT/SeaLake/SeaLake_1870.jpg,SeaLake
/work/cvcs2024/air_pollution_prediction/miniEuroSAT/SeaLake/SeaLake_1877.jpg,SeaLake
/work/cvcs2024/air_pollution_prediction/miniEuroSAT/SeaLake/SeaLake_1928.jpg,SeaLake
/work/cvcs2024/air_pollution_prediction/miniEuroSAT/SeaLake/SeaLake_1953.jpg,SeaLake
/work/cvcs2024/air_pollution_prediction/miniEuroSAT/SeaLake/SeaLake_1954.jpg,SeaLake
/work/cvcs2024/air_pollution_prediction/miniEuroSAT/SeaLake/SeaLake_1982.jpg,SeaLake
/work/cvcs2024/air_pollution_prediction/miniEuroSAT/SeaLake/SeaLake_2029.jpg,SeaLake
/work/cvcs2024/air_pollution_prediction/miniEuroSAT/SeaLake/SeaLake_2052.jpg,SeaLake
/work/cvcs2024/air_pollution_prediction/miniEuroSAT/SeaLake/SeaLake_2055.jpg,SeaLake
/work/cvcs2024/air_pollution_prediction/miniEuroSAT/SeaLake/SeaLake_2084.jpg,SeaLake
/work/cvcs2024/air_pollution_prediction/miniEuroSAT/SeaLake/SeaLake_2171.jpg,SeaLake
/work/cvcs2024/air_pollution_prediction/miniEuroSAT/SeaLake/SeaLake_2176.jpg,SeaLake
/work/cvcs2024/air_pollution_prediction/miniEuroSAT/SeaLake/SeaLake_2261.jpg,SeaLake
/work/cvcs2024/air_pollution_prediction/miniEuroSAT/SeaLake/SeaLake_2266.jpg,SeaLake
/work/cvcs2024/air_pollution_prediction/miniEuroSAT/SeaLake/SeaLake_2339.jpg,SeaLake
/work/cvcs2024/air_pollution_prediction/miniEuroSAT/SeaLake/SeaLake_2342.jpg,SeaLake
/work/cvcs2024/air_pollution_prediction/miniEuroSAT/SeaLake/SeaLake_2393.jpg,SeaLake
/work/cvcs2024/air_pollution_prediction/miniEuroSAT/SeaLake/SeaLake_2394.jpg,SeaLake
/work/cvcs2024/air_pollution_prediction/miniEuroSAT/SeaLake/SeaLake_2433.jpg,SeaLake
/work/cvcs2024/air_pollution_prediction/miniEuroSAT/SeaLake/SeaLake_2434.jpg,SeaLake
/work/cvcs2024/air_pollution_prediction/miniEuroSAT/SeaLake/SeaLake_2448.jpg,SeaLake
/work/cvcs2024/air_pollution_prediction/miniEuroSAT/SeaLake/SeaLake_2499.jpg,SeaLake
/work/cvcs2024/air_pollution_prediction/miniEuroSAT/SeaLake/SeaLake_2510.jpg,SeaLake
/work/cvcs2024/air_pollution_prediction/miniEuroSAT/SeaLake/SeaLake_2517.jpg,SeaLake
/work/cvcs2024/air_pollution_prediction/miniEuroSAT/SeaLake/SeaLake_2600.jpg,SeaLake
/work/cvcs2024/air_pollution_prediction/miniEuroSAT/SeaLake/SeaLake_2607.jpg,SeaLake
/work/cvcs2024/air_pollution_prediction/miniEuroSAT/SeaLake/SeaLake_2723.jpg,SeaLake
/work/cvcs2024/air_pollution_prediction/miniEuroSAT/SeaLake/SeaLake_2758.jpg,SeaLake
/work/cvcs2024/air_pollution_prediction/miniEuroSAT/SeaLake/SeaLake_2789.jpg,SeaLake
/work/cvcs2024/air_pollution_prediction/miniEuroSAT/SeaLake/SeaLake_2841.jpg,SeaLake
/work/cvcs2024/air_pollution_prediction/miniEuroSAT/SeaLake/SeaLake_2846.jpg,SeaLake
/work/cvcs2024/air_pollution_prediction/miniEuroSAT/SeaLake/SeaLake_2897.jpg,SeaLake
/work/cvcs2024/air_pollution_prediction/miniEuroSAT/SeaLake/SeaLake_2962.jpg,SeaLake
/work/cvcs2024/air_pollution_prediction/miniEuroSAT/SeaLake/SeaLake_2965.jpg,SeaLake
/work/cvcs2024/air_pollution_prediction/miniEuroSAT/Forest/Forest_1.jpg,Forest
/work/cvcs2024/air_pollution_prediction/miniEuroSAT/Forest/Forest_6.jpg,Forest
/work/cvcs2024/air_pollution_prediction/miniEuroSAT/Forest/Forest_8.jpg,Forest
/work/cvcs2024/air_pollution_prediction/miniEuroSAT/Forest/Forest_22.jpg,Forest
/work/cvcs2024/air_pollution_prediction/miniEuroSAT/Forest/Forest_25.jpg,Forest
/work/cvcs2024/air_pollution_prediction/miniEuroSAT/Forest/Forest_57.jpg,Forest
/work/cvcs2024/air_pollution_prediction/miniEuroSAT/Forest/Forest_59.jpg,Forest
/work/cvcs2024/air_pollution_prediction/miniEuroSAT/Forest/Forest_86.jpg,Forest
/work/cvcs2024/air_pollution_prediction/miniEuroSAT/Forest/Forest_88.jpg,Forest
/work/cvcs2024/air_pollution_prediction/miniEuroSAT/Forest/Forest_123.jpg,Forest
/work/cvcs2024/air_pollution_prediction/miniEuroSAT/Forest/Forest_151.jpg,Forest
/work/cvcs2024/air_pollution_prediction/miniEuroSAT/Forest/Forest_156.jpg,Forest
/work/cvcs2024/air_pollution_prediction/miniEuroSAT/Forest/Forest_180.jpg,Forest
/work/cvcs2024/air_pollution_prediction/miniEuroSAT/Forest/Forest_187.jpg,Forest
/work/cvcs2024/air_pollution_prediction/miniEuroSAT/Forest/Forest_234.jpg,Forest
/work/cvcs2024/air_pollution_prediction/miniEuroSAT/Forest/Forest_241.jpg,Forest
/work/cvcs2024/air_pollution_prediction/miniEuroSAT/Forest/Forest_246.jpg,Forest
/work/cvcs2024/air_pollution_prediction/miniEuroSAT/Forest/Forest_290.jpg,Forest
/work/cvcs2024/air_pollution_prediction/miniEuroSAT/Forest/Forest_297.jpg,Forest
/work/cvcs2024/air_pollution_prediction/miniEuroSAT/Forest/Forest_319.jpg,Forest
/work/cvcs2024/air_pollution_prediction/miniEuroSAT/Forest/Forest_362.jpg,Forest
/work/cvcs2024/air_pollution_prediction/miniEuroSAT/Forest/Forest_365.jpg,Forest
/work/cvcs2024/air_pollution_prediction/miniEuroSAT/Forest/Forest_413.jpg,Forest
/work/cvcs2024/air_pollution_prediction/miniEuroSAT/Forest/Forest_414.jpg,Forest
/work/cvcs2024/air_pollution_prediction/miniEuroSAT/Forest/Forest_468.jpg,Forest
/work/cvcs2024/air_pollution_prediction/miniEuroSAT/Forest/Forest_530.jpg,Forest
/work/cvcs2024/air_pollution_prediction/miniEuroSAT/Forest/Forest_537.jpg,Forest
/work/cvcs2024/air_pollution_prediction/miniEuroSAT/Forest/Forest_620.jpg,Forest
/work/cvcs2024/air_pollution_prediction/miniEuroSAT/Forest/Forest_627.jpg,Forest
/work/cvcs2024/air_pollution_prediction/miniEuroSAT/Forest/Forest_703.jpg,Forest
/work/cvcs2024/air_pollution_prediction/miniEuroSAT/Forest/Forest_704.jpg,Forest
/work/cvcs2024/air_pollution_prediction/miniEuroSAT/Forest/Forest_778.jpg,Forest
/work/cvcs2024/air_pollution_prediction/miniEuroSAT/Forest/Forest_861.jpg,Forest
/work/cvcs2024/air_pollution_prediction/miniEuroSAT/Forest/Forest_866.jpg,Forest
/work/cvcs2024/air_pollution_prediction/miniEuroSAT/Forest/Forest_939.jpg,Forest
/work/cvcs2024/air_pollution_prediction/miniEuroSAT/Forest/Forest_942.jpg,Forest
/work/cvcs2024/air_pollution_prediction/miniEuroSAT/Forest/Forest_945.jpg,Forest
/work/cvcs2024/air_pollution_prediction/miniEuroSAT/Forest/Forest_993.jpg,Forest
/work/cvcs2024/air_pollution_prediction/miniEuroSAT/Forest/Forest_994.jpg,Forest
/work/cvcs2024/air_pollution_prediction/miniEuroSAT/Forest/Forest_1013.jpg,Forest
/work/cvcs2024/air_pollution_prediction/miniEuroSAT/Forest/Forest_1014.jpg,Forest
/work/cvcs2024/air_pollution_prediction/miniEuroSAT/Forest/Forest_1068.jpg,Forest
/work/cvcs2024/air_pollution_prediction/miniEuroSAT/Forest/Forest_1130.jpg,Forest
/work/cvcs2024/air_pollution_prediction/miniEuroSAT/Forest/Forest_1137.jpg,Forest
/work/cvcs2024/air_pollution_prediction/miniEuroSAT/Forest/Forest_1220.jpg,Forest
/work/cvcs2024/air_pollution_prediction/miniEuroSAT/Forest/Forest_1227.jpg,Forest
/work/cvcs2024/air_pollution_prediction/miniEuroSAT/Forest/Forest_1303.jpg,Forest
/work/cvcs2024/air_pollution_prediction/miniEuroSAT/Forest/Forest_1304.jpg,Forest
/work/cvcs2024/air_pollution_prediction/miniEuroSAT/Forest/Forest_1378.jpg,Forest
/work/cvcs2024/air_pollution_prediction/miniEuroSAT/Forest/Forest_1409.jpg,Forest
/work/cvcs2024/air_pollution_prediction/miniEuroSAT/Forest/Forest_1472.jpg,Forest
/work/cvcs2024/air_pollution_prediction/miniEuroSAT/Forest/Forest_1475.jpg,Forest
/work/cvcs2024/air_pollution_prediction/miniEuroSAT/Forest/Forest_1551.jpg,Forest
/work/cvcs2024/air_pollution_prediction/miniEuroSAT/Forest/Forest_1556.jpg,Forest
/work/cvcs2024/air_pollution_prediction/miniEuroSAT/Forest/Forest_1580.jpg,Forest
/work/cvcs2024/air_pollution_prediction/miniEuroSAT/Forest/Forest_1587.jpg,Forest
/work/cvcs2024/air_pollution_prediction/miniEuroSAT/Forest/Forest_1641.jpg,Forest
/work/cvcs2024/air_pollution_prediction/miniEuroSAT/Forest/Forest_1646.jpg,Forest
/work/cvcs2024/air_pollution_prediction/miniEuroSAT/Forest/Forest_1690.jpg,Forest
/work/cvcs2024/air_pollution_prediction/miniEuroSAT/Forest/Forest_1697.jpg,Forest
/work/cvcs2024/air_pollution_prediction/miniEuroSAT/Forest/Forest_1719.jpg,Forest
/work/cvcs2024/air_pollution_prediction/miniEuroSAT/Forest/Forest_1762.jpg,Forest
/work/cvcs2024/air_pollution_prediction/miniEuroSAT/Forest/Forest_1765.jpg,Forest
/work/cvcs2024/air_pollution_prediction/miniEuroSAT/Forest/Forest_1800.jpg,Forest
/work/cvcs2024/air_pollution_prediction/miniEuroSAT/Forest/Forest_1807.jpg,Forest
/work/cvcs2024/air_pollution_prediction/miniEuroSAT/Forest/Forest_1923.jpg,Forest
/work/cvcs2024/air_pollution_prediction/miniEuroSAT/Forest/Forest_1924.jpg,Forest
/work/cvcs2024/air_pollution_prediction/miniEuroSAT/Forest/Forest_1958.jpg,Forest
/work/cvcs2024/air_pollution_prediction/miniEuroSAT/Forest/Forest_1989.jpg,Forest
/work/cvcs2024/air_pollution_prediction/miniEuroSAT/Forest/Forest_2022.jpg,Forest
/work/cvcs2024/air_pollution_prediction/miniEuroSAT/Forest/Forest_2025.jpg,Forest
/work/cvcs2024/air_pollution_prediction/miniEuroSAT/Forest/Forest_2059.jpg,Forest
/work/cvcs2024/air_pollution_prediction/miniEuroSAT/Forest/Forest_2088.jpg,Forest
/work/cvcs2024/air_pollution_prediction/miniEuroSAT/Forest/Forest_2101.jpg,Forest
/work/cvcs2024/air_pollution_prediction/miniEuroSAT/Forest/Forest_2106.jpg,Forest
/work/cvcs2024/air_pollution_prediction/miniEuroSAT/Forest/Forest_2211.jpg,Forest
/work/cvcs2024/air_pollution_prediction/miniEuroSAT/Forest/Forest_2216.jpg,Forest
/work/cvcs2024/air_pollution_prediction/miniEuroSAT/Forest/Forest_2332.jpg,Forest
/work/cvcs2024/air_pollution_prediction/miniEuroSAT/Forest/Forest_2335.jpg,Forest
/work/cvcs2024/air_pollution_prediction/miniEuroSAT/Forest/Forest_2349.jpg,Forest
/work/cvcs2024/air_pollution_prediction/miniEuroSAT/Forest/Forest_2398.jpg,Forest
/work/cvcs2024/air_pollution_prediction/miniEuroSAT/Forest/Forest_2438.jpg,Forest
/work/cvcs2024/air_pollution_prediction/miniEuroSAT/Forest/Forest_2443.jpg,Forest
/work/cvcs2024/air_pollution_prediction/miniEuroSAT/Forest/Forest_2444.jpg,Forest
/work/cvcs2024/air_pollution_prediction/miniEuroSAT/Forest/Forest_2492.jpg,Forest
/work/cvcs2024/air_pollution_prediction/miniEuroSAT/Forest/Forest_2495.jpg,Forest
/work/cvcs2024/air_pollution_prediction/miniEuroSAT/Forest/Forest_2560.jpg,Forest
/work/cvcs2024/air_pollution_prediction/miniEuroSAT/Forest/Forest_2567.jpg,Forest
/work/cvcs2024/air_pollution_prediction/miniEuroSAT/Forest/Forest_2670.jpg,Forest
/work/cvcs2024/air_pollution_prediction/miniEuroSAT/Forest/Forest_2677.jpg,Forest
/work/cvcs2024/air_pollution_prediction/miniEuroSAT/Forest/Forest_2728.jpg,Forest
/work/cvcs2024/air_pollution_prediction/miniEuroSAT/Forest/Forest_2753.jpg,Forest
/work/cvcs2024/air_pollution_prediction/miniEuroSAT/Forest/Forest_2754.jpg,Forest
/work/cvcs2024/air_pollution_prediction/miniEuroSAT/Forest/Forest_2782.jpg,Forest
/work/cvcs2024/air_pollution_prediction/miniEuroSAT/Forest/Forest_2785.jpg,Forest
/work/cvcs2024/air_pollution_prediction/miniEuroSAT/Forest/Forest_2831.jpg,Forest
/work/cvcs2024/air_pollution_prediction/miniEuroSAT/Forest/Forest_2836.jpg,Forest
/work/cvcs2024/air_pollution_prediction/miniEuroSAT/Forest/Forest_2912.jpg,Forest
/work/cvcs2024/air_pollution_prediction/miniEuroSAT/Forest/Forest_2915.jpg,Forest
/work/cvcs2024/air_pollution_prediction/miniEuroSAT/Forest/Forest_2969.jpg,Forest
/work/cvcs2024/air_pollution_prediction/miniEuroSAT/Pasture/Pasture_11.jpg,Pasture
/work/cvcs2024/air_pollution_prediction/miniEuroSAT/Pasture/Pasture_16.jpg,Pasture
/work/cvcs2024/air_pollution_prediction/miniEuroSAT/Pasture/Pasture_18.jpg,Pasture
/work/cvcs2024/air_pollution_prediction/miniEuroSAT/Pasture/Pasture_63.jpg,Pasture
/work/cvcs2024/air_pollution_prediction/miniEuroSAT/Pasture/Pasture_64.jpg,Pasture
/work/cvcs2024/air_pollution_prediction/miniEuroSAT/Pasture/Pasture_103.jpg,Pasture
/work/cvcs2024/air_pollution_prediction/miniEuroSAT/Pasture/Pasture_104.jpg,Pasture
/work/cvcs2024/air_pollution_prediction/miniEuroSAT/Pasture/Pasture_171.jpg,Pasture
/work/cvcs2024/air_pollution_prediction/miniEuroSAT/Pasture/Pasture_176.jpg,Pasture
/work/cvcs2024/air_pollution_prediction/miniEuroSAT/Pasture/Pasture_178.jpg,Pasture
/work/cvcs2024/air_pollution_prediction/miniEuroSAT/Pasture/Pasture_213.jpg,Pasture
/work/cvcs2024/air_pollution_prediction/miniEuroSAT/Pasture/Pasture_214.jpg,Pasture
/work/cvcs2024/air_pollution_prediction/miniEuroSAT/Pasture/Pasture_261.jpg,Pasture
/work/cvcs2024/air_pollution_prediction/miniEuroSAT/Pasture/Pasture_266.jpg,Pasture
/work/cvcs2024/air_pollution_prediction/miniEuroSAT/Pasture/Pasture_268.jpg,Pasture
/work/cvcs2024/air_pollution_prediction/miniEuroSAT/Pasture/Pasture_330.jpg,Pasture
/work/cvcs2024/air_pollution_prediction/miniEuroSAT/Pasture/Pasture_337.jpg,Pasture
/work/cvcs2024/air_pollution_prediction/miniEuroSAT/Pasture/Pasture_339.jpg,Pasture
/work/cvcs2024/air_pollution_prediction/miniEuroSAT/Pasture/Pasture_342.jpg,Pasture
/work/cvcs2024/air_pollution_prediction/miniEuroSAT/Pasture/Pasture_345.jpg,Pasture
/work/cvcs2024/air_pollution_prediction/miniEuroSAT/Pasture/Pasture_393.jpg,Pasture
/work/cvcs2024/air_pollution_prediction/miniEuroSAT/Pasture/Pasture_394.jpg,Pasture
/work/cvcs2024/air_pollution_prediction/miniEuroSAT/Pasture/Pasture_433.jpg,Pasture
/work/cvcs2024/air_pollution_prediction/miniEuroSAT/Pasture/Pasture_441.jpg,Pasture
/work/cvcs2024/air_pollution_prediction/miniEuroSAT/Pasture/Pasture_446.jpg,Pasture
/work/cvcs2024/air_pollution_prediction/miniEuroSAT/Pasture/Pasture_490.jpg,Pasture
/work/cvcs2024/air_pollution_prediction/miniEuroSAT/Pasture/Pasture_497.jpg,Pasture
/work/cvcs2024/air_pollution_prediction/miniEuroSAT/Pasture/Pasture_517.jpg,Pasture
/work/cvcs2024/air_pollution_prediction/miniEuroSAT/Pasture/Pasture_519.jpg,Pasture
/work/cvcs2024/air_pollution_prediction/miniEuroSAT/Pasture/Pasture_562.jpg,Pasture
/work/cvcs2024/air_pollution_prediction/miniEuroSAT/Pasture/Pasture_565.jpg,Pasture
/work/cvcs2024/air_pollution_prediction/miniEuroSAT/Pasture/Pasture_600.jpg,Pasture
/work/cvcs2024/air_pollution_prediction/miniEuroSAT/Pasture/Pasture_609.jpg,Pasture
/work/cvcs2024/air_pollution_prediction/miniEuroSAT/Pasture/Pasture_672.jpg,Pasture
/work/cvcs2024/air_pollution_prediction/miniEuroSAT/Pasture/Pasture_675.jpg,Pasture
/work/cvcs2024/air_pollution_prediction/miniEuroSAT/Pasture/Pasture_724.jpg,Pasture
/work/cvcs2024/air_pollution_prediction/miniEuroSAT/Pasture/Pasture_751.jpg,Pasture
/work/cvcs2024/air_pollution_prediction/miniEuroSAT/Pasture/Pasture_756.jpg,Pasture
/work/cvcs2024/air_pollution_prediction/miniEuroSAT/Pasture/Pasture_758.jpg,Pasture
/work/cvcs2024/air_pollution_prediction/miniEuroSAT/Pasture/Pasture_780.jpg,Pasture
/work/cvcs2024/air_pollution_prediction/miniEuroSAT/Pasture/Pasture_787.jpg,Pasture
/work/cvcs2024/air_pollution_prediction/miniEuroSAT/Pasture/Pasture_789.jpg,Pasture
/work/cvcs2024/air_pollution_prediction/miniEuroSAT/Pasture/Pasture_833.jpg,Pasture
/work/cvcs2024/air_pollution_prediction/miniEuroSAT/Pasture/Pasture_834.jpg,Pasture
/work/cvcs2024/air_pollution_prediction/miniEuroSAT/Pasture/Pasture_841.jpg,Pasture
/work/cvcs2024/air_pollution_prediction/miniEuroSAT/Pasture/Pasture_848.jpg,Pasture
/work/cvcs2024/air_pollution_prediction/miniEuroSAT/Pasture/Pasture_890.jpg,Pasture
/work/cvcs2024/air_pollution_prediction/miniEuroSAT/Pasture/Pasture_899.jpg,Pasture
/work/cvcs2024/air_pollution_prediction/miniEuroSAT/Pasture/Pasture_910.jpg,Pasture
/work/cvcs2024/air_pollution_prediction/miniEuroSAT/Pasture/Pasture_917.jpg,Pasture
/work/cvcs2024/air_pollution_prediction/miniEuroSAT/Pasture/Pasture_919.jpg,Pasture
/work/cvcs2024/air_pollution_prediction/miniEuroSAT/Pasture/Pasture_965.jpg,Pasture
/work/cvcs2024/air_pollution_prediction/miniEuroSAT/Pasture/Pasture_1003.jpg,Pasture
/work/cvcs2024/air_pollution_prediction/miniEuroSAT/Pasture/Pasture_1004.jpg,Pasture
/work/cvcs2024/air_pollution_prediction/miniEuroSAT/Pasture/Pasture_1071.jpg,Pasture
/work/cvcs2024/air_pollution_prediction/miniEuroSAT/Pasture/Pasture_1076.jpg,Pasture
/work/cvcs2024/air_pollution_prediction/miniEuroSAT/Pasture/Pasture_1078.jpg,Pasture
/work/cvcs2024/air_pollution_prediction/miniEuroSAT/Pasture/Pasture_1120.jpg,Pasture
/work/cvcs2024/air_pollution_prediction/miniEuroSAT/Pasture/Pasture_1129.jpg,Pasture
/work/cvcs2024/air_pollution_prediction/miniEuroSAT/Pasture/Pasture_1152.jpg,Pasture
/work/cvcs2024/air_pollution_prediction/miniEuroSAT/Pasture/Pasture_1155.jpg,Pasture
/work/cvcs2024/air_pollution_prediction/miniEuroSAT/Pasture/Pasture_1183.jpg,Pasture
/work/cvcs2024/air_pollution_prediction/miniEuroSAT/Pasture/Pasture_1184.jpg,Pasture
/work/cvcs2024/air_pollution_prediction/miniEuroSAT/Pasture/Pasture_1237.jpg,Pasture
/work/cvcs2024/air_pollution_prediction/miniEuroSAT/Pasture/Pasture_1239.jpg,Pasture
/work/cvcs2024/air_pollution_prediction/miniEuroSAT/Pasture/Pasture_1242.jpg,Pasture
/work/cvcs2024/air_pollution_prediction/miniEuroSAT/Pasture/Pasture_1245.jpg,Pasture
/work/cvcs2024/air_pollution_prediction/miniEuroSAT/Pasture/Pasture_1293.jpg,Pasture
/work/cvcs2024/air_pollution_prediction/miniEuroSAT/Pasture/Pasture_1294.jpg,Pasture
/work/cvcs2024/air_pollution_prediction/miniEuroSAT/Pasture/Pasture_1313.jpg,Pasture
/work/cvcs2024/air_pollution_prediction/miniEuroSAT/Pasture/Pasture_1361.jpg,Pasture
/work/cvcs2024/air_pollution_prediction/miniEuroSAT/Pasture/Pasture_1366.jpg,Pasture
/work/cvcs2024/air_pollution_prediction/miniEuroSAT/Pasture/Pasture_1410.jpg,Pasture
/work/cvcs2024/air_pollution_prediction/miniEuroSAT/Pasture/Pasture_1417.jpg,Pasture
/work/cvcs2024/air_pollution_prediction/miniEuroSAT/Pasture/Pasture_1419.jpg,Pasture
/work/cvcs2024/air_pollution_prediction/miniEuroSAT/Pasture/Pasture_1465.jpg,Pasture
/work/cvcs2024/air_pollution_prediction/miniEuroSAT/Pasture/Pasture_1533.jpg,Pasture
/work/cvcs2024/air_pollution_prediction/miniEuroSAT/Pasture/Pasture_1534.jpg,Pasture
/work/cvcs2024/air_pollution_prediction/miniEuroSAT/Pasture/Pasture_1541.jpg,Pasture
/work/cvcs2024/air_pollution_prediction/miniEuroSAT/Pasture/Pasture_1548.jpg,Pasture
/work/cvcs2024/air_pollution_prediction/miniEuroSAT/Pasture/Pasture_1590.jpg,Pasture
/work/cvcs2024/air_pollution_prediction/miniEuroSAT/Pasture/Pasture_1599.jpg,Pasture
/work/cvcs2024/air_pollution_prediction/miniEuroSAT/Pasture/Pasture_1623.jpg,Pasture
/work/cvcs2024/air_pollution_prediction/miniEuroSAT/Pasture/Pasture_1624.jpg,Pasture
/work/cvcs2024/air_pollution_prediction/miniEuroSAT/Pasture/Pasture_1656.jpg,Pasture
/work/cvcs2024/air_pollution_prediction/miniEuroSAT/Pasture/Pasture_1658.jpg,Pasture
/work/cvcs2024/air_pollution_prediction/miniEuroSAT/Pasture/Pasture_1687.jpg,Pasture
/work/cvcs2024/air_pollution_prediction/miniEuroSAT/Pasture/Pasture_1689.jpg,Pasture
/work/cvcs2024/air_pollution_prediction/miniEuroSAT/Pasture/Pasture_1700.jpg,Pasture
/work/cvcs2024/air_pollution_prediction/miniEuroSAT/Pasture/Pasture_1707.jpg,Pasture
/work/cvcs2024/air_pollution_prediction/miniEuroSAT/Pasture/Pasture_1772.jpg,Pasture
/work/cvcs2024/air_pollution_prediction/miniEuroSAT/Pasture/Pasture_1817.jpg,Pasture
/work/cvcs2024/air_pollution_prediction/miniEuroSAT/Pasture/Pasture_1819.jpg,Pasture
/work/cvcs2024/air_pollution_prediction/miniEuroSAT/Pasture/Pasture_1862.jpg,Pasture
/work/cvcs2024/air_pollution_prediction/miniEuroSAT/Pasture/Pasture_1865.jpg,Pasture
/work/cvcs2024/air_pollution_prediction/miniEuroSAT/Pasture/Pasture_1933.jpg,Pasture
/work/cvcs2024/air_pollution_prediction/miniEuroSAT/Pasture/Pasture_1941.jpg,Pasture
/work/cvcs2024/air_pollution_prediction/miniEuroSAT/Pasture/Pasture_1946.jpg,Pasture
/work/cvcs2024/air_pollution_prediction/miniEuroSAT/Pasture/Pasture_1990.jpg,Pasture
/work/cvcs2024/air_pollution_prediction/miniEuroSAT/Pasture/Pasture_1997.jpg,Pasture
/work/cvcs2024/air_pollution_prediction/miniEuroSAT/Highway/Highway_32.jpg,Highway
/work/cvcs2024/air_pollution_prediction/miniEuroSAT/Highway/Highway_35.jpg,Highway
/work/cvcs2024/air_pollution_prediction/miniEuroSAT/Highway/Highway_40.jpg,Highway
/work/cvcs2024/air_pollution_prediction/miniEuroSAT/Highway/Highway_49.jpg,Highway
/work/cvcs2024/air_pollution_prediction/miniEuroSAT/Highway/Highway_91.jpg,Highway
/work/cvcs2024/air_pollution_prediction/miniEuroSAT/Highway/Highway_98.jpg,Highway
/work/cvcs2024/air_pollution_prediction/miniEuroSAT/Highway/Highway_113.jpg,Highway
/work/cvcs2024/air_pollution_prediction/miniEuroSAT/Highway/Highway_114.jpg,Highway
/work/cvcs2024/air_pollution_prediction/miniEuroSAT/Highway/Highway_161.jpg,Highway
/work/cvcs2024/air_pollution_prediction/miniEuroSAT/Highway/Highway_168.jpg,Highway
/work/cvcs2024/air_pollution_prediction/miniEuroSAT/Highway/Highway_203.jpg,Highway
/work/cvcs2024/air_pollution_prediction/miniEuroSAT/Highway/Highway_204.jpg,Highway
/work/cvcs2024/air_pollution_prediction/miniEuroSAT/Highway/Highway_276.jpg,Highway
/work/cvcs2024/air_pollution_prediction/miniEuroSAT/Highway/Highway_278.jpg,Highway
/work/cvcs2024/air_pollution_prediction/miniEuroSAT/Highway/Highway_320.jpg,Highway
/work/cvcs2024/air_pollution_prediction/miniEuroSAT/Highway/Highway_327.jpg,Highway
/work/cvcs2024/air_pollution_prediction/miniEuroSAT/Highway/Highway_352.jpg,Highway
/work/cvcs2024/air_pollution_prediction/miniEuroSAT/Highway/Highway_383.jpg,Highway
/work/cvcs2024/air_pollution_prediction/miniEuroSAT/Highway/Highway_424.jpg,Highway
/work/cvcs2024/air_pollution_prediction/miniEuroSAT/Highway/Highway_451.jpg,Highway
/work/cvcs2024/air_pollution_prediction/miniEuroSAT/Highway/Highway_456.jpg,Highway
/work/cvcs2024/air_pollution_prediction/miniEuroSAT/Highway/Highway_458.jpg,Highway
/work/cvcs2024/air_pollution_prediction/miniEuroSAT/Highway/Highway_480.jpg,Highway
/work/cvcs2024/air_pollution_prediction/miniEuroSAT/Highway/Highway_487.jpg,Highway
/work/cvcs2024/air_pollution_prediction/miniEuroSAT/Highway/Highway_489.jpg,Highway
/work/cvcs2024/air_pollution_prediction/miniEuroSAT/Highway/Highway_500.jpg,Highway
/work/cvcs2024/air_pollution_prediction/miniEuroSAT/Highway/Highway_509.jpg,Highway
/work/cvcs2024/air_pollution_prediction/miniEuroSAT/Highway/Highway_572.jpg,Highway
/work/cvcs2024/air_pollution_prediction/miniEuroSAT/Highway/Highway_575.jpg,Highway
/work/cvcs2024/air_pollution_prediction/miniEuroSAT/Highway/Highway_617.jpg,Highway
/work/cvcs2024/air_pollution_prediction/miniEuroSAT/Highway/Highway_619.jpg,Highway
/work/cvcs2024/air_pollution_prediction/miniEuroSAT/Highway/Highway_662.jpg,Highway
/work/cvcs2024/air_pollution_prediction/miniEuroSAT/Highway/Highway_665.jpg,Highway
/work/cvcs2024/air_pollution_prediction/miniEuroSAT/Highway/Highway_733.jpg,Highway
/work/cvcs2024/air_pollution_prediction/miniEuroSAT/Highway/Highway_741.jpg,Highway
/work/cvcs2024/air_pollution_prediction/miniEuroSAT/Highway/Highway_746.jpg,Highway
/work/cvcs2024/air_pollution_prediction/miniEuroSAT/Highway/Highway_790.jpg,Highway
/work/cvcs2024/air_pollution_prediction/miniEuroSAT/Highway/Highway_797.jpg,Highway
/work/cvcs2024/air_pollution_prediction/miniEuroSAT/Highway/Highway_823.jpg,Highway
/work/cvcs2024/air_pollution_prediction/miniEuroSAT/Highway/Highway_824.jpg,Highway
/work/cvcs2024/air_pollution_prediction/miniEuroSAT/Highway/Highway_856.jpg,Highway
/work/cvcs2024/air_pollution_prediction/miniEuroSAT/Highway/Highway_858.jpg,Highway
/work/cvcs2024/air_pollution_prediction/miniEuroSAT/Highway/Highway_887.jpg,Highway
/work/cvcs2024/air_pollution_prediction/miniEuroSAT/Highway/Highway_889.jpg,Highway
/work/cvcs2024/air_pollution_prediction/miniEuroSAT/Highway/Highway_900.jpg,Highway
/work/cvcs2024/air_pollution_prediction/miniEuroSAT/Highway/Highway_907.jpg,Highway
/work/cvcs2024/air_pollution_prediction/miniEuroSAT/Highway/Highway_972.jpg,Highway
/work/cvcs2024/air_pollution_prediction/miniEuroSAT/Highway/Highway_1032.jpg,Highway
/work/cvcs2024/air_pollution_prediction/miniEuroSAT/Highway/Highway_1035.jpg,Highway
/work/cvcs2024/air_pollution_prediction/miniEuroSAT/Highway/Highway_1047.jpg,Highway
/work/cvcs2024/air_pollution_prediction/miniEuroSAT/Highway/Highway_1049.jpg,Highway
/work/cvcs2024/air_pollution_prediction/miniEuroSAT/Highway/Highway_1096.jpg,Highway
/work/cvcs2024/air_pollution_prediction/miniEuroSAT/Highway/Highway_1098.jpg,Highway
/work/cvcs2024/air_pollution_prediction/miniEuroSAT/Highway/Highway_1111.jpg,Highway
/work/cvcs2024/air_pollution_prediction/miniEuroSAT/Highway/Highway_1116.jpg,Highway
/work/cvcs2024/air_pollution_prediction/miniEuroSAT/Highway/Highway_1201.jpg,Highway
/work/cvcs2024/air_pollution_prediction/miniEuroSAT/Highway/Highway_1206.jpg,Highway
/work/cvcs2024/air_pollution_prediction/miniEuroSAT/Highway/Highway_1208.jpg,Highway
/work/cvcs2024/air_pollution_prediction/miniEuroSAT/Highway/Highway_1274.jpg,Highway
/work/cvcs2024/air_pollution_prediction/miniEuroSAT/Highway/Highway_1322.jpg,Highway
/work/cvcs2024/air_pollution_prediction/miniEuroSAT/Highway/Highway_1325.jpg,Highway
/work/cvcs2024/air_pollution_prediction/miniEuroSAT/Highway/Highway_1350.jpg,Highway
/work/cvcs2024/air_pollution_prediction/miniEuroSAT/Highway/Highway_1359.jpg,Highway
/work/cvcs2024/air_pollution_prediction/miniEuroSAT/Highway/Highway_1381.jpg,Highway
/work/cvcs2024/air_pollution_prediction/miniEuroSAT/Highway/Highway_1388.jpg,Highway
/work/cvcs2024/air_pollution_prediction/miniEuroSAT/Highway/Highway_1426.jpg,Highway
/work/cvcs2024/air_pollution_prediction/miniEuroSAT/Highway/Highway_1428.jpg,Highway
/work/cvcs2024/air_pollution_prediction/miniEuroSAT/Highway/Highway_1453.jpg,Highway
/work/cvcs2024/air_pollution_prediction/miniEuroSAT/Highway/Highway_1454.jpg,Highway
/work/cvcs2024/air_pollution_prediction/miniEuroSAT/Highway/Highway_1482.jpg,Highway
/work/cvcs2024/air_pollution_prediction/miniEuroSAT/Highway/Highway_1485.jpg,Highway
/work/cvcs2024/air_pollution_prediction/miniEuroSAT/Highway/Highway_1570.jpg,Highway
/work/cvcs2024/air_pollution_prediction/miniEuroSAT/Highway/Highway_1577.jpg,Highway
/work/cvcs2024/air_pollution_prediction/miniEuroSAT/Highway/Highway_1615.jpg,Highway
/work/cvcs2024/air_pollution_prediction/miniEuroSAT/Highway/Highway_1660.jpg,Highway
/work/cvcs2024/air_pollution_prediction/miniEuroSAT/Highway/Highway_1667.jpg,Highway
/work/cvcs2024/air_pollution_prediction/miniEuroSAT/Highway/Highway_1669.jpg,Highway
/work/cvcs2024/air_pollution_prediction/miniEuroSAT/Highway/Highway_1738.jpg,Highway
/work/cvcs2024/air_pollution_prediction/miniEuroSAT/Highway/Highway_1743.jpg,Highway
/work/cvcs2024/air_pollution_prediction/miniEuroSAT/Highway/Highway_1744.jpg,Highway
/work/cvcs2024/air_pollution_prediction/miniEuroSAT/Highway/Highway_1792.jpg,Highway
/work/cvcs2024/air_pollution_prediction/miniEuroSAT/Highway/Highway_1795.jpg,Highway
/work/cvcs2024/air_pollution_prediction/miniEuroSAT/Highway/Highway_1821.jpg,Highway
/work/cvcs2024/air_pollution_prediction/miniEuroSAT/Highway/Highway_1826.jpg,Highway
/work/cvcs2024/air_pollution_prediction/miniEuroSAT/Highway/Highway_1902.jpg,Highway
/work/cvcs2024/air_pollution_prediction/miniEuroSAT/Highway/Highway_1905.jpg,Highway
/work/cvcs2024/air_pollution_prediction/miniEuroSAT/Highway/Highway_1979.jpg,Highway
/work/cvcs2024/air_pollution_prediction/miniEuroSAT/Highway/Highway_2003.jpg,Highway
/work/cvcs2024/air_pollution_prediction/miniEuroSAT/Highway/Highway_2004.jpg,Highway
/work/cvcs2024/air_pollution_prediction/miniEuroSAT/Highway/Highway_2078.jpg,Highway
/work/cvcs2024/air_pollution_prediction/miniEuroSAT/Highway/Highway_2120.jpg,Highway
/work/cvcs2024/air_pollution_prediction/miniEuroSAT/Highway/Highway_2127.jpg,Highway
/work/cvcs2024/air_pollution_prediction/miniEuroSAT/Highway/Highway_2230.jpg,Highway
/work/cvcs2024/air_pollution_prediction/miniEuroSAT/Highway/Highway_2237.jpg,Highway
/work/cvcs2024/air_pollution_prediction/miniEuroSAT/Highway/Highway_2313.jpg,Highway
/work/cvcs2024/air_pollution_prediction/miniEuroSAT/Highway/Highway_2314.jpg,Highway
/work/cvcs2024/air_pollution_prediction/miniEuroSAT/Highway/Highway_2368.jpg,Highway
/work/cvcs2024/air_pollution_prediction/miniEuroSAT/Highway/Highway_2419.jpg,Highway
/work/cvcs2024/air_pollution_prediction/miniEuroSAT/Highway/Highway_2462.jpg,Highway
/work/cvcs2024/air_pollution_prediction/miniEuroSAT/Highway/Highway_2465.jpg,Highway
/work/cvcs2024/air_pollution_prediction/miniEuroSAT/Residential/Residential_7.jpg,Residential
/work/cvcs2024/air_pollution_prediction/miniEuroSAT/Residential/Residential_9.jpg,Residential
/work/cvcs2024/air_pollution_prediction/miniEuroSAT/Residential/Residential_31.jpg,Residential
/work/cvcs2024/air_pollution_prediction/miniEuroSAT/Residential/Residential_36.jpg,Residential
/work/cvcs2024/air_pollution_prediction/miniEuroSAT/Residential/Residential_44.jpg,Residential
/work/cvcs2024/air_pollution_prediction/miniEuroSAT/Residential/Residential_123.jpg,Residential
/work/cvcs2024/air_pollution_prediction/miniEuroSAT/Residential/Residential_124.jpg,Residential
/work/cvcs2024/air_pollution_prediction/miniEuroSAT/Residential/Residential_158.jpg,Residential
/work/cvcs2024/air_pollution_prediction/miniEuroSAT/Residential/Residential_189.jpg,Residential
/work/cvcs2024/air_pollution_prediction/miniEuroSAT/Residential/Residential_233.jpg,Residential
/work/cvcs2024/air_pollution_prediction/miniEuroSAT/Residential/Residential_234.jpg,Residential
/work/cvcs2024/air_pollution_prediction/miniEuroSAT/Residential/Residential_248.jpg,Residential
/work/cvcs2024/air_pollution_prediction/miniEuroSAT/Residential/Residential_299.jpg,Residential
/work/cvcs2024/air_pollution_prediction/miniEuroSAT/Residential/Residential_310.jpg,Residential
/work/cvcs2024/air_pollution_prediction/miniEuroSAT/Residential/Residential_317.jpg,Residential
/work/cvcs2024/air_pollution_prediction/miniEuroSAT/Residential/Residential_461.jpg,Residential
/work/cvcs2024/air_pollution_prediction/miniEuroSAT/Residential/Residential_466.jpg,Residential
/work/cvcs2024/air_pollution_prediction/miniEuroSAT/Residential/Residential_539.jpg,Residential
/work/cvcs2024/air_pollution_prediction/miniEuroSAT/Residential/Residential_542.jpg,Residential
/work/cvcs2024/air_pollution_prediction/miniEuroSAT/Residential/Residential_545.jpg,Residential
/work/cvcs2024/air_pollution_prediction/miniEuroSAT/Residential/Residential_593.jpg,Residential
/work/cvcs2024/air_pollution_prediction/miniEuroSAT/Residential/Residential_594.jpg,Residential
/work/cvcs2024/air_pollution_prediction/miniEuroSAT/Residential/Residential_629.jpg,Residential
/work/cvcs2024/air_pollution_prediction/miniEuroSAT/Residential/Residential_652.jpg,Residential
/work/cvcs2024/air_pollution_prediction/miniEuroSAT/Residential/Residential_655.jpg,Residential
/work/cvcs2024/air_pollution_prediction/miniEuroSAT/Residential/Residential_683.jpg,Residential
/work/cvcs2024/air_pollution_prediction/miniEuroSAT/Residential/Residential_684.jpg,Residential
/work/cvcs2024/air_pollution_prediction/miniEuroSAT/Residential/Residential_771.jpg,Residential
/work/cvcs2024/air_pollution_prediction/miniEuroSAT/Residential/Residential_776.jpg,Residential
/work/cvcs2024/air_pollution_prediction/miniEuroSAT/Residential/Residential_813.jpg,Residential
/work/cvcs2024/air_pollution_prediction/miniEuroSAT/Residential/Residential_814.jpg,Residential
/work/cvcs2024/air_pollution_prediction/miniEuroSAT/Residential/Residential_868.jpg,Residential
/work/cvcs2024/air_pollution_prediction/miniEuroSAT/Residential/Residential_930.jpg,Residential
/work/cvcs2024/air_pollution_prediction/miniEuroSAT/Residential/Residential_937.jpg,Residential
/work/cvcs2024/air_pollution_prediction/miniEuroSAT/Residential/Residential_1029.jpg,Residential
/work/cvcs2024/air_pollution_prediction/miniEuroSAT/Residential/Residential_1052.jpg,Residential
/work/cvcs2024/air_pollution_prediction/miniEuroSAT/Residential/Residential_1055.jpg,Residential
/work/cvcs2024/air_pollution_prediction/miniEuroSAT/Residential/Residential_1083.jpg,Residential
/work/cvcs2024/air_pollution_prediction/miniEuroSAT/Residential/Residential_1084.jpg,Residential
/work/cvcs2024/air_pollution_prediction/miniEuroSAT/Residential/Residential_1171.jpg,Residential
/work/cvcs2024/air_pollution_prediction/miniEuroSAT/Residential/Residential_1176.jpg,Residential
/work/cvcs2024/air_pollution_prediction/miniEuroSAT/Residential/Residential_1261.jpg,Residential
/work/cvcs2024/air_pollution_prediction/miniEuroSAT/Residential/Residential_1266.jpg,Residential
/work/cvcs2024/air_pollution_prediction/miniEuroSAT/Residential/Residential_1339.jpg,Residential
/work/cvcs2024/air_pollution_prediction/miniEuroSAT/Residential/Residential_1342.jpg,Residential
/work/cvcs2024/air_pollution_prediction/miniEuroSAT/Residential/Residential_1345.jpg,Residential
/work/cvcs2024/air_pollution_prediction/miniEuroSAT/Residential/Residential_1393.jpg,Residential
/work/cvcs2024/air_pollution_prediction/miniEuroSAT/Residential/Residential_1394.jpg,Residential
/work/cvcs2024/air_pollution_prediction/miniEuroSAT/Residential/Residential_1433.jpg,Residential
/work/cvcs2024/air_pollution_prediction/miniEuroSAT/Residential/Residential_1434.jpg,Residential
/work/cvcs2024/air_pollution_prediction/miniEuroSAT/Residential/Residential_1448.jpg,Residential
/work/cvcs2024/air_pollution_prediction/miniEuroSAT/Residential/Residential_1499.jpg,Residential
/work/cvcs2024/air_pollution_prediction/miniEuroSAT/Residential/Residential_1510.jpg,Residential
/work/cvcs2024/air_pollution_prediction/miniEuroSAT/Residential/Residential_1517.jpg,Residential
/work/cvcs2024/air_pollution_prediction/miniEuroSAT/Residential/Residential_1600.jpg,Residential
/work/cvcs2024/air_pollution_prediction/miniEuroSAT/Residential/Residential_1607.jpg,Residential
/work/cvcs2024/air_pollution_prediction/miniEuroSAT/Residential/Residential_1723.jpg,Residential
/work/cvcs2024/air_pollution_prediction/miniEuroSAT/Residential/Residential_1724.jpg,Residential
/work/cvcs2024/air_pollution_prediction/miniEuroSAT/Residential/Residential_1758.jpg,Residential
/work/cvcs2024/air_pollution_prediction/miniEuroSAT/Residential/Residential_1789.jpg,Residential
/work/cvcs2024/air_pollution_prediction/miniEuroSAT/Residential/Residential_1841.jpg,Residential
/work/cvcs2024/air_pollution_prediction/miniEuroSAT/Residential/Residential_1846.jpg,Residential
/work/cvcs2024/air_pollution_prediction/miniEuroSAT/Residential/Residential_1890.jpg,Residential
/work/cvcs2024/air_pollution_prediction/miniEuroSAT/Residential/Residential_1897.jpg,Residential
/work/cvcs2024/air_pollution_prediction/miniEuroSAT/Residential/Residential_1919.jpg,Residential
/work/cvcs2024/air_pollution_prediction/miniEuroSAT/Residential/Residential_1962.jpg,Residential
/work/cvcs2024/air_pollution_prediction/miniEuroSAT/Residential/Residential_1965.jpg,Residential
/work/cvcs2024/air_pollution_prediction/miniEuroSAT/Residential/Residential_2018.jpg,Residential
/work/cvcs2024/air_pollution_prediction/miniEuroSAT/Residential/Residential_2063.jpg,Residential
/work/cvcs2024/air_pollution_prediction/miniEuroSAT/Residential/Residential_2064.jpg,Residential
/work/cvcs2024/air_pollution_prediction/miniEuroSAT/Residential/Residential_2140.jpg,Residential
/work/cvcs2024/air_pollution_prediction/miniEuroSAT/Residential/Residential_2147.jpg,Residential
/work/cvcs2024/air_pollution_prediction/miniEuroSAT/Residential/Residential_2191.jpg,Residential
/work/cvcs2024/air_pollution_prediction/miniEuroSAT/Residential/Residential_2196.jpg,Residential
/work/cvcs2024/air_pollution_prediction/miniEuroSAT/Residential/Residential_2250.jpg,Residential
/work/cvcs2024/air_pollution_prediction/miniEuroSAT/Residential/Residential_2257.jpg,Residential
/work/cvcs2024/air_pollution_prediction/miniEuroSAT/Residential/Residential_2281.jpg,Residential
/work/cvcs2024/air_pollution_prediction/miniEuroSAT/Residential/Residential_2286.jpg,Residential
/work/cvcs2024/air_pollution_prediction/miniEuroSAT/Residential/Residential_2308.jpg,Residential
/work/cvcs2024/air_pollution_prediction/miniEuroSAT/Residential/Residential_2373.jpg,Residential
/work/cvcs2024/air_pollution_prediction/miniEuroSAT/Residential/Residential_2374.jpg,Residential
/work/cvcs2024/air_pollution_prediction/miniEuroSAT/Residential/Residential_2402.jpg,Residential
/work/cvcs2024/air_pollution_prediction/miniEuroSAT/Residential/Residential_2405.jpg,Residential
/work/cvcs2024/air_pollution_prediction/miniEuroSAT/Residential/Residential_2477.jpg,Residential
/work/cvcs2024/air_pollution_prediction/miniEuroSAT/Residential/Residential_2479.jpg,Residential
/work/cvcs2024/air_pollution_prediction/miniEuroSAT/Residential/Residential_2521.jpg,Residential
/work/cvcs2024/air_pollution_prediction/miniEuroSAT/Residential/Residential_2526.jpg,Residential
/work/cvcs2024/air_pollution_prediction/miniEuroSAT/Residential/Residential_2631.jpg,Residential
/work/cvcs2024/air_pollution_prediction/miniEuroSAT/Residential/Residential_2636.jpg,Residential
/work/cvcs2024/air_pollution_prediction/miniEuroSAT/Residential/Residential_2712.jpg,Residential
/work/cvcs2024/air_pollution_prediction/miniEuroSAT/Residential/Residential_2715.jpg,Residential
/work/cvcs2024/air_pollution_prediction/miniEuroSAT/Residential/Residential_2769.jpg,Residential
/work/cvcs2024/air_pollution_prediction/miniEuroSAT/Residential/Residential_2805.jpg,Residential
/work/cvcs2024/air_pollution_prediction/miniEuroSAT/Residential/Residential_2870.jpg,Residential
/work/cvcs2024/air_pollution_prediction/miniEuroSAT/Residential/Residential_2877.jpg,Residential
/work/cvcs2024/air_pollution_prediction/miniEuroSAT/Residential/Residential_2928.jpg,Residential
/work/cvcs2024/air_pollution_prediction/miniEuroSAT/Residential/Residential_2953.jpg,Residential
/work/cvcs2024/air_pollution_prediction/miniEuroSAT/Residential/Residential_2954.jpg,Residential
/work/cvcs2024/air_pollution_prediction/miniEuroSAT/Residential/Residential_2982.jpg,Residential
/work/cvcs2024/air_pollution_prediction/miniEuroSAT/Residential/Residential_2985.jpg,Residential
/work/cvcs2024/air_pollution_prediction/miniEuroSAT/Industrial/Industrial_2.jpg,Industrial
/work/cvcs2024/air_pollution_prediction/miniEuroSAT/Industrial/Industrial_36.jpg,Industrial
/work/cvcs2024/air_pollution_prediction/miniEuroSAT/Industrial/Industrial_38.jpg,Industrial
/work/cvcs2024/air_pollution_prediction/miniEuroSAT/Industrial/Industrial_43.jpg,Industrial
/work/cvcs2024/air_pollution_prediction/miniEuroSAT/Industrial/Industrial_44.jpg,Industrial
/work/cvcs2024/air_pollution_prediction/miniEuroSAT/Industrial/Industrial_92.jpg,Industrial
/work/cvcs2024/air_pollution_prediction/miniEuroSAT/Industrial/Industrial_95.jpg,Industrial
/work/cvcs2024/air_pollution_prediction/miniEuroSAT/Industrial/Industrial_104.jpg,Industrial
/work/cvcs2024/air_pollution_prediction/miniEuroSAT/Industrial/Industrial_171.jpg,Industrial
/work/cvcs2024/air_pollution_prediction/miniEuroSAT/Industrial/Industrial_176.jpg,Industrial
/work/cvcs2024/air_pollution_prediction/miniEuroSAT/Industrial/Industrial_178.jpg,Industrial
/work/cvcs2024/air_pollution_prediction/miniEuroSAT/Industrial/Industrial_213.jpg,Industrial
/work/cvcs2024/air_pollution_prediction/miniEuroSAT/Industrial/Industrial_261.jpg,Industrial
/work/cvcs2024/air_pollution_prediction/miniEuroSAT/Industrial/Industrial_266.jpg,Industrial
/work/cvcs2024/air_pollution_prediction/miniEuroSAT/Industrial/Industrial_330.jpg,Industrial
/work/cvcs2024/air_pollution_prediction/miniEuroSAT/Industrial/Industrial_337.jpg,Industrial
/work/cvcs2024/air_pollution_prediction/miniEuroSAT/Industrial/Industrial_339.jpg,Industrial
/work/cvcs2024/air_pollution_prediction/miniEuroSAT/Industrial/Industrial_342.jpg,Industrial
/work/cvcs2024/air_pollution_prediction/miniEuroSAT/Industrial/Industrial_345.jpg,Industrial
/work/cvcs2024/air_pollution_prediction/miniEuroSAT/Industrial/Industrial_393.jpg,Industrial
/work/cvcs2024/air_pollution_prediction/miniEuroSAT/Industrial/Industrial_394.jpg,Industrial
/work/cvcs2024/air_pollution_prediction/miniEuroSAT/Industrial/Industrial_433.jpg,Industrial
/work/cvcs2024/air_pollution_prediction/miniEuroSAT/Industrial/Industrial_434.jpg,Industrial
/work/cvcs2024/air_pollution_prediction/miniEuroSAT/Industrial/Industrial_441.jpg,Industrial
/work/cvcs2024/air_pollution_prediction/miniEuroSAT/Industrial/Industrial_448.jpg,Industrial
/work/cvcs2024/air_pollution_prediction/miniEuroSAT/Industrial/Industrial_490.jpg,Industrial
/work/cvcs2024/air_pollution_prediction/miniEuroSAT/Industrial/Industrial_499.jpg,Industrial
/work/cvcs2024/air_pollution_prediction/miniEuroSAT/Industrial/Industrial_510.jpg,Industrial
/work/cvcs2024/air_pollution_prediction/miniEuroSAT/Industrial/Industrial_517.jpg,Industrial
/work/cvcs2024/air_pollution_prediction/miniEuroSAT/Industrial/Industrial_565.jpg,Industrial
/work/cvcs2024/air_pollution_prediction/miniEuroSAT/Industrial/Industrial_600.jpg,Industrial
/work/cvcs2024/air_pollution_prediction/miniEuroSAT/Industrial/Industrial_607.jpg,Industrial
/work/cvcs2024/air_pollution_prediction/miniEuroSAT/Industrial/Industrial_723.jpg,Industrial
/work/cvcs2024/air_pollution_prediction/miniEuroSAT/Industrial/Industrial_724.jpg,Industrial
/work/cvcs2024/air_pollution_prediction/miniEuroSAT/Industrial/Industrial_758.jpg,Industrial
/work/cvcs2024/air_pollution_prediction/miniEuroSAT/Industrial/Industrial_789.jpg,Industrial
/work/cvcs2024/air_pollution_prediction/miniEuroSAT/Industrial/Industrial_841.jpg,Industrial
/work/cvcs2024/air_pollution_prediction/miniEuroSAT/Industrial/Industrial_846.jpg,Industrial
/work/cvcs2024/air_pollution_prediction/miniEuroSAT/Industrial/Industrial_890.jpg,Industrial
/work/cvcs2024/air_pollution_prediction/miniEuroSAT/Industrial/Industrial_897.jpg,Industrial
/work/cvcs2024/air_pollution_prediction/miniEuroSAT/Industrial/Industrial_917.jpg,Industrial
/work/cvcs2024/air_pollution_prediction/miniEuroSAT/Industrial/Industrial_919.jpg,Industrial
/work/cvcs2024/air_pollution_prediction/miniEuroSAT/Industrial/Industrial_962.jpg,Industrial
/work/cvcs2024/air_pollution_prediction/miniEuroSAT/Industrial/Industrial_965.jpg,Industrial
/work/cvcs2024/air_pollution_prediction/miniEuroSAT/Industrial/Industrial_1031.jpg,Industrial
/work/cvcs2024/air_pollution_prediction/miniEuroSAT/Industrial/Industrial_1036.jpg,Industrial
/work/cvcs2024/air_pollution_prediction/miniEuroSAT/Industrial/Industrial_1044.jpg,Industrial
/work/cvcs2024/air_pollution_prediction/miniEuroSAT/Industrial/Industrial_1095.jpg,Industrial
/work/cvcs2024/air_pollution_prediction/miniEuroSAT/Industrial/Industrial_1112.jpg,Industrial
/work/cvcs2024/air_pollution_prediction/miniEuroSAT/Industrial/Industrial_1115.jpg,Industrial
/work/cvcs2024/air_pollution_prediction/miniEuroSAT/Industrial/Industrial_1169.jpg,Industrial
/work/cvcs2024/air_pollution_prediction/miniEuroSAT/Industrial/Industrial_1202.jpg,Industrial
/work/cvcs2024/air_pollution_prediction/miniEuroSAT/Industrial/Industrial_1205.jpg,Industrial
/work/cvcs2024/air_pollution_prediction/miniEuroSAT/Industrial/Industrial_1279.jpg,Industrial
/work/cvcs2024/air_pollution_prediction/miniEuroSAT/Industrial/Industrial_1321.jpg,Industrial
/work/cvcs2024/air_pollution_prediction/miniEuroSAT/Industrial/Industrial_1326.jpg,Industrial
/work/cvcs2024/air_pollution_prediction/miniEuroSAT/Industrial/Industrial_1353.jpg,Industrial
/work/cvcs2024/air_pollution_prediction/miniEuroSAT/Industrial/Industrial_1382.jpg,Industrial
/work/cvcs2024/air_pollution_prediction/miniEuroSAT/Industrial/Industrial_1425.jpg,Industrial
/work/cvcs2024/air_pollution_prediction/miniEuroSAT/Industrial/Industrial_1450.jpg,Industrial
/work/cvcs2024/air_pollution_prediction/miniEuroSAT/Industrial/Industrial_1457.jpg,Industrial
/work/cvcs2024/air_pollution_prediction/miniEuroSAT/Industrial/Industrial_1481.jpg,Industrial
/work/cvcs2024/air_pollution_prediction/miniEuroSAT/Industrial/Industrial_1486.jpg,Industrial
/work/cvcs2024/air_pollution_prediction/miniEuroSAT/Industrial/Industrial_1508.jpg,Industrial
/work/cvcs2024/air_pollution_prediction/miniEuroSAT/Industrial/Industrial_1573.jpg,Industrial
/work/cvcs2024/air_pollution_prediction/miniEuroSAT/Industrial/Industrial_1574.jpg,Industrial
/work/cvcs2024/air_pollution_prediction/miniEuroSAT/Industrial/Industrial_1618.jpg,Industrial
/work/cvcs2024/air_pollution_prediction/miniEuroSAT/Industrial/Industrial_1663.jpg,Industrial
/work/cvcs2024/air_pollution_prediction/miniEuroSAT/Industrial/Industrial_1664.jpg,Industrial
/work/cvcs2024/air_pollution_prediction/miniEuroSAT/Industrial/Industrial_1732.jpg,Industrial
/work/cvcs2024/air_pollution_prediction/miniEuroSAT/Industrial/Industrial_1740.jpg,Industrial
/work/cvcs2024/air_pollution_prediction/miniEuroSAT/Industrial/Industrial_1747.jpg,Industrial
/work/cvcs2024/air_pollution_prediction/miniEuroSAT/Industrial/Industrial_1791.jpg,Industrial
/work/cvcs2024/air_pollution_prediction/miniEuroSAT/Industrial/Industrial_1796.jpg,Industrial
/work/cvcs2024/air_pollution_prediction/miniEuroSAT/Industrial/Industrial_1822.jpg,Industrial
/work/cvcs2024/air_pollution_prediction/miniEuroSAT/Industrial/Industrial_1825.jpg,Industrial
/work/cvcs2024/air_pollution_prediction/miniEuroSAT/Industrial/Industrial_1857.jpg,Industrial
/work/cvcs2024/air_pollution_prediction/miniEuroSAT/Industrial/Industrial_1859.jpg,Industrial
/work/cvcs2024/air_pollution_prediction/miniEuroSAT/Industrial/Industrial_1886.jpg,Industrial
/work/cvcs2024/air_pollution_prediction/miniEuroSAT/Industrial/Industrial_1888.jpg,Industrial
/work/cvcs2024/air_pollution_prediction/miniEuroSAT/Industrial/Industrial_1901.jpg,Industrial
/work/cvcs2024/air_pollution_prediction/miniEuroSAT/Industrial/Industrial_1906.jpg,Industrial
/work/cvcs2024/air_pollution_prediction/miniEuroSAT/Industrial/Industrial_2000.jpg,Industrial
/work/cvcs2024/air_pollution_prediction/miniEuroSAT/Industrial/Industrial_2007.jpg,Industrial
/work/cvcs2024/air_pollution_prediction/miniEuroSAT/Industrial/Industrial_2123.jpg,Industrial
/work/cvcs2024/air_pollution_prediction/miniEuroSAT/Industrial/Industrial_2124.jpg,Industrial
/work/cvcs2024/air_pollution_prediction/miniEuroSAT/Industrial/Industrial_2151.jpg,Industrial
/work/cvcs2024/air_pollution_prediction/miniEuroSAT/Industrial/Industrial_2158.jpg,Industrial
/work/cvcs2024/air_pollution_prediction/miniEuroSAT/Industrial/Industrial_2180.jpg,Industrial
/work/cvcs2024/air_pollution_prediction/miniEuroSAT/Industrial/Industrial_2189.jpg,Industrial
/work/cvcs2024/air_pollution_prediction/miniEuroSAT/Industrial/Industrial_2233.jpg,Industrial
/work/cvcs2024/air_pollution_prediction/miniEuroSAT/Industrial/Industrial_2234.jpg,Industrial
/work/cvcs2024/air_pollution_prediction/miniEuroSAT/Industrial/Industrial_2246.jpg,Industrial
/work/cvcs2024/air_pollution_prediction/miniEuroSAT/Industrial/Industrial_2248.jpg,Industrial
/work/cvcs2024/air_pollution_prediction/miniEuroSAT/Industrial/Industrial_2297.jpg,Industrial
/work/cvcs2024/air_pollution_prediction/miniEuroSAT/Industrial/Industrial_2299.jpg,Industrial
/work/cvcs2024/air_pollution_prediction/miniEuroSAT/Industrial/Industrial_2310.jpg,Industrial
/work/cvcs2024/air_pollution_prediction/miniEuroSAT/Industrial/Industrial_2317.jpg,Industrial
/work/cvcs2024/air_pollution_prediction/miniEuroSAT/Industrial/Industrial_2461.jpg,Industrial
/work/cvcs2024/air_pollution_prediction/miniEuroSAT/Industrial/Industrial_2466.jpg,Industrial
/work/cvcs2024/air_pollution_prediction/miniEuroSAT/HerbaceousVegetation/HerbaceousVegetation_31.jpg,HerbaceousVegetation
/work/cvcs2024/air_pollution_prediction/miniEuroSAT/HerbaceousVegetation/HerbaceousVegetation_38.jpg,HerbaceousVegetation
/work/cvcs2024/air_pollution_prediction/miniEuroSAT/HerbaceousVegetation/HerbaceousVegetation_43.jpg,HerbaceousVegetation
/work/cvcs2024/air_pollution_prediction/miniEuroSAT/HerbaceousVegetation/HerbaceousVegetation_44.jpg,HerbaceousVegetation
/work/cvcs2024/air_pollution_prediction/miniEuroSAT/HerbaceousVegetation/HerbaceousVegetation_92.jpg,HerbaceousVegetation
/work/cvcs2024/air_pollution_prediction/miniEuroSAT/HerbaceousVegetation/HerbaceousVegetation_95.jpg,HerbaceousVegetation
/work/cvcs2024/air_pollution_prediction/miniEuroSAT/HerbaceousVegetation/HerbaceousVegetation_108.jpg,HerbaceousVegetation
/work/cvcs2024/air_pollution_prediction/miniEuroSAT/HerbaceousVegetation/HerbaceousVegetation_173.jpg,HerbaceousVegetation
/work/cvcs2024/air_pollution_prediction/miniEuroSAT/HerbaceousVegetation/HerbaceousVegetation_174.jpg,HerbaceousVegetation
/work/cvcs2024/air_pollution_prediction/miniEuroSAT/HerbaceousVegetation/HerbaceousVegetation_218.jpg,HerbaceousVegetation
/work/cvcs2024/air_pollution_prediction/miniEuroSAT/HerbaceousVegetation/HerbaceousVegetation_263.jpg,HerbaceousVegetation
/work/cvcs2024/air_pollution_prediction/miniEuroSAT/HerbaceousVegetation/HerbaceousVegetation_264.jpg,HerbaceousVegetation
/work/cvcs2024/air_pollution_prediction/miniEuroSAT/HerbaceousVegetation/HerbaceousVegetation_340.jpg,HerbaceousVegetation
/work/cvcs2024/air_pollution_prediction/miniEuroSAT/HerbaceousVegetation/HerbaceousVegetation_347.jpg,HerbaceousVegetation
/work/cvcs2024/air_pollution_prediction/miniEuroSAT/HerbaceousVegetation/HerbaceousVegetation_349.jpg,HerbaceousVegetation
/work/cvcs2024/air_pollution_prediction/miniEuroSAT/HerbaceousVegetation/HerbaceousVegetation_391.jpg,HerbaceousVegetation
/work/cvcs2024/air_pollution_prediction/miniEuroSAT/HerbaceousVegetation/HerbaceousVegetation_396.jpg,HerbaceousVegetation
/work/cvcs2024/air_pollution_prediction/miniEuroSAT/HerbaceousVegetation/HerbaceousVegetation_398.jpg,HerbaceousVegetation
/work/cvcs2024/air_pollution_prediction/miniEuroSAT/HerbaceousVegetation/HerbaceousVegetation_431.jpg,HerbaceousVegetation
/work/cvcs2024/air_pollution_prediction/miniEuroSAT/HerbaceousVegetation/HerbaceousVegetation_436.jpg,HerbaceousVegetation
/work/cvcs2024/air_pollution_prediction/miniEuroSAT/HerbaceousVegetation/HerbaceousVegetation_512.jpg,HerbaceousVegetation
/work/cvcs2024/air_pollution_prediction/miniEuroSAT/HerbaceousVegetation/HerbaceousVegetation_515.jpg,HerbaceousVegetation
/work/cvcs2024/air_pollution_prediction/miniEuroSAT/HerbaceousVegetation/HerbaceousVegetation_569.jpg,HerbaceousVegetation
/work/cvcs2024/air_pollution_prediction/miniEuroSAT/HerbaceousVegetation/HerbaceousVegetation_602.jpg,HerbaceousVegetation
/work/cvcs2024/air_pollution_prediction/miniEuroSAT/HerbaceousVegetation/HerbaceousVegetation_605.jpg,HerbaceousVegetation
/work/cvcs2024/air_pollution_prediction/miniEuroSAT/HerbaceousVegetation/HerbaceousVegetation_679.jpg,HerbaceousVegetation
/work/cvcs2024/air_pollution_prediction/miniEuroSAT/HerbaceousVegetation/HerbaceousVegetation_721.jpg,HerbaceousVegetation
/work/cvcs2024/air_pollution_prediction/miniEuroSAT/HerbaceousVegetation/HerbaceousVegetation_726.jpg,HerbaceousVegetation
/work/cvcs2024/air_pollution_prediction/miniEuroSAT/HerbaceousVegetation/HerbaceousVegetation_728.jpg,HerbaceousVegetation
/work/cvcs2024/air_pollution_prediction/miniEuroSAT/HerbaceousVegetation/HerbaceousVegetation_838.jpg,HerbaceousVegetation
/work/cvcs2024/air_pollution_prediction/miniEuroSAT/HerbaceousVegetation/HerbaceousVegetation_843.jpg,HerbaceousVegetation
/work/cvcs2024/air_pollution_prediction/miniEuroSAT/HerbaceousVegetation/HerbaceousVegetation_844.jpg,HerbaceousVegetation
/work/cvcs2024/air_pollution_prediction/miniEuroSAT/HerbaceousVegetation/HerbaceousVegetation_892.jpg,HerbaceousVegetation
/work/cvcs2024/air_pollution_prediction/miniEuroSAT/HerbaceousVegetation/HerbaceousVegetation_895.jpg,HerbaceousVegetation
/work/cvcs2024/air_pollution_prediction/miniEuroSAT/HerbaceousVegetation/HerbaceousVegetation_960.jpg,HerbaceousVegetation
/work/cvcs2024/air_pollution_prediction/miniEuroSAT/HerbaceousVegetation/HerbaceousVegetation_967.jpg,HerbaceousVegetation
/work/cvcs2024/air_pollution_prediction/miniEuroSAT/HerbaceousVegetation/HerbaceousVegetation_1041.jpg,HerbaceousVegetation
/work/cvcs2024/air_pollution_prediction/miniEuroSAT/HerbaceousVegetation/HerbaceousVegetation_1046.jpg,HerbaceousVegetation
/work/cvcs2024/air_pollution_prediction/miniEuroSAT/HerbaceousVegetation/HerbaceousVegetation_1090.jpg,HerbaceousVegetation
/work/cvcs2024/air_pollution_prediction/miniEuroSAT/HerbaceousVegetation/HerbaceousVegetation_1097.jpg,HerbaceousVegetation
/work/cvcs2024/air_pollution_prediction/miniEuroSAT/HerbaceousVegetation/HerbaceousVegetation_1119.jpg,HerbaceousVegetation
/work/cvcs2024/air_pollution_prediction/miniEuroSAT/HerbaceousVegetation/HerbaceousVegetation_1162.jpg,HerbaceousVegetation
/work/cvcs2024/air_pollution_prediction/miniEuroSAT/HerbaceousVegetation/HerbaceousVegetation_1165.jpg,HerbaceousVegetation
/work/cvcs2024/air_pollution_prediction/miniEuroSAT/HerbaceousVegetation/HerbaceousVegetation_1209.jpg,HerbaceousVegetation
/work/cvcs2024/air_pollution_prediction/miniEuroSAT/HerbaceousVegetation/HerbaceousVegetation_1272.jpg,HerbaceousVegetation
/work/cvcs2024/air_pollution_prediction/miniEuroSAT/HerbaceousVegetation/HerbaceousVegetation_1275.jpg,HerbaceousVegetation
/work/cvcs2024/air_pollution_prediction/miniEuroSAT/HerbaceousVegetation/HerbaceousVegetation_1351.jpg,HerbaceousVegetation
/work/cvcs2024/air_pollution_prediction/miniEuroSAT/HerbaceousVegetation/HerbaceousVegetation_1356.jpg,HerbaceousVegetation
/work/cvcs2024/air_pollution_prediction/miniEuroSAT/HerbaceousVegetation/HerbaceousVegetation_1380.jpg,HerbaceousVegetation
/work/cvcs2024/air_pollution_prediction/miniEuroSAT/HerbaceousVegetation/HerbaceousVegetation_1387.jpg,HerbaceousVegetation
/work/cvcs2024/air_pollution_prediction/miniEuroSAT/HerbaceousVegetation/HerbaceousVegetation_1420.jpg,HerbaceousVegetation
/work/cvcs2024/air_pollution_prediction/miniEuroSAT/HerbaceousVegetation/HerbaceousVegetation_1427.jpg,HerbaceousVegetation
/work/cvcs2024/air_pollution_prediction/miniEuroSAT/HerbaceousVegetation/HerbaceousVegetation_1503.jpg,HerbaceousVegetation
/work/cvcs2024/air_pollution_prediction/miniEuroSAT/HerbaceousVegetation/HerbaceousVegetation_1504.jpg,HerbaceousVegetation
/work/cvcs2024/air_pollution_prediction/miniEuroSAT/HerbaceousVegetation/HerbaceousVegetation_1578.jpg,HerbaceousVegetation
/work/cvcs2024/air_pollution_prediction/miniEuroSAT/HerbaceousVegetation/HerbaceousVegetation_1613.jpg,HerbaceousVegetation
/work/cvcs2024/air_pollution_prediction/miniEuroSAT/HerbaceousVegetation/HerbaceousVegetation_1614.jpg,HerbaceousVegetation
/work/cvcs2024/air_pollution_prediction/miniEuroSAT/HerbaceousVegetation/HerbaceousVegetation_1668.jpg,HerbaceousVegetation
/work/cvcs2024/air_pollution_prediction/miniEuroSAT/HerbaceousVegetation/HerbaceousVegetation_1730.jpg,HerbaceousVegetation
/work/cvcs2024/air_pollution_prediction/miniEuroSAT/HerbaceousVegetation/HerbaceousVegetation_1737.jpg,HerbaceousVegetation
/work/cvcs2024/air_pollution_prediction/miniEuroSAT/HerbaceousVegetation/HerbaceousVegetation_1829.jpg,HerbaceousVegetation
/work/cvcs2024/air_pollution_prediction/miniEuroSAT/HerbaceousVegetation/HerbaceousVegetation_1852.jpg,HerbaceousVegetation
/work/cvcs2024/air_pollution_prediction/miniEuroSAT/HerbaceousVegetation/HerbaceousVegetation_1855.jpg,HerbaceousVegetation
/work/cvcs2024/air_pollution_prediction/miniEuroSAT/HerbaceousVegetation/HerbaceousVegetation_1883.jpg,HerbaceousVegetation
/work/cvcs2024/air_pollution_prediction/miniEuroSAT/HerbaceousVegetation/HerbaceousVegetation_1884.jpg,HerbaceousVegetation
/work/cvcs2024/air_pollution_prediction/miniEuroSAT/HerbaceousVegetation/HerbaceousVegetation_1971.jpg,HerbaceousVegetation
/work/cvcs2024/air_pollution_prediction/miniEuroSAT/HerbaceousVegetation/HerbaceousVegetation_1976.jpg,HerbaceousVegetation
/work/cvcs2024/air_pollution_prediction/miniEuroSAT/HerbaceousVegetation/HerbaceousVegetation_2070.jpg,HerbaceousVegetation
/work/cvcs2024/air_pollution_prediction/miniEuroSAT/HerbaceousVegetation/HerbaceousVegetation_2077.jpg,HerbaceousVegetation
/work/cvcs2024/air_pollution_prediction/miniEuroSAT/HerbaceousVegetation/HerbaceousVegetation_2128.jpg,HerbaceousVegetation
/work/cvcs2024/air_pollution_prediction/miniEuroSAT/HerbaceousVegetation/HerbaceousVegetation_2153.jpg,HerbaceousVegetation
/work/cvcs2024/air_pollution_prediction/miniEuroSAT/HerbaceousVegetation/HerbaceousVegetation_2154.jpg,HerbaceousVegetation
/work/cvcs2024/air_pollution_prediction/miniEuroSAT/HerbaceousVegetation/HerbaceousVegetation_2182.jpg,HerbaceousVegetation
/work/cvcs2024/air_pollution_prediction/miniEuroSAT/HerbaceousVegetation/HerbaceousVegetation_2185.jpg,HerbaceousVegetation
/work/cvcs2024/air_pollution_prediction/miniEuroSAT/HerbaceousVegetation/HerbaceousVegetation_2238.jpg,HerbaceousVegetation
/work/cvcs2024/air_pollution_prediction/miniEuroSAT/HerbaceousVegetation/HerbaceousVegetation_2243.jpg,HerbaceousVegetation
/work/cvcs2024/air_pollution_prediction/miniEuroSAT/HerbaceousVegetation/HerbaceousVegetation_2244.jpg,HerbaceousVegetation
/work/cvcs2024/air_pollution_prediction/miniEuroSAT/HerbaceousVegetation/HerbaceousVegetation_2292.jpg,HerbaceousVegetation
/work/cvcs2024/air_pollution_prediction/miniEuroSAT/HerbaceousVegetation/HerbaceousVegetation_2295.jpg,HerbaceousVegetation
/work/cvcs2024/air_pollution_prediction/miniEuroSAT/HerbaceousVegetation/HerbaceousVegetation_2360.jpg,HerbaceousVegetation
/work/cvcs2024/air_pollution_prediction/miniEuroSAT/HerbaceousVegetation/HerbaceousVegetation_2367.jpg,HerbaceousVegetation
/work/cvcs2024/air_pollution_prediction/miniEuroSAT/HerbaceousVegetation/HerbaceousVegetation_2411.jpg,HerbaceousVegetation
/work/cvcs2024/air_pollution_prediction/miniEuroSAT/HerbaceousVegetation/HerbaceousVegetation_2416.jpg,HerbaceousVegetation
/work/cvcs2024/air_pollution_prediction/miniEuroSAT/HerbaceousVegetation/HerbaceousVegetation_2532.jpg,HerbaceousVegetation
/work/cvcs2024/air_pollution_prediction/miniEuroSAT/HerbaceousVegetation/HerbaceousVegetation_2535.jpg,HerbaceousVegetation
/work/cvcs2024/air_pollution_prediction/miniEuroSAT/HerbaceousVegetation/HerbaceousVegetation_2549.jpg,HerbaceousVegetation
/work/cvcs2024/air_pollution_prediction/miniEuroSAT/HerbaceousVegetation/HerbaceousVegetation_2598.jpg,HerbaceousVegetation
/work/cvcs2024/air_pollution_prediction/miniEuroSAT/HerbaceousVegetation/HerbaceousVegetation_2622.jpg,HerbaceousVegetation
/work/cvcs2024/air_pollution_prediction/miniEuroSAT/HerbaceousVegetation/HerbaceousVegetation_2625.jpg,HerbaceousVegetation
/work/cvcs2024/air_pollution_prediction/miniEuroSAT/HerbaceousVegetation/HerbaceousVegetation_2659.jpg,HerbaceousVegetation
/work/cvcs2024/air_pollution_prediction/miniEuroSAT/HerbaceousVegetation/HerbaceousVegetation_2688.jpg,HerbaceousVegetation
/work/cvcs2024/air_pollution_prediction/miniEuroSAT/HerbaceousVegetation/HerbaceousVegetation_2701.jpg,HerbaceousVegetation
/work/cvcs2024/air_pollution_prediction/miniEuroSAT/HerbaceousVegetation/HerbaceousVegetation_2706.jpg,HerbaceousVegetation
/work/cvcs2024/air_pollution_prediction/miniEuroSAT/HerbaceousVegetation/HerbaceousVegetation_2818.jpg,HerbaceousVegetation
/work/cvcs2024/air_pollution_prediction/miniEuroSAT/HerbaceousVegetation/HerbaceousVegetation_2863.jpg,HerbaceousVegetation
/work/cvcs2024/air_pollution_prediction/miniEuroSAT/HerbaceousVegetation/HerbaceousVegetation_2864.jpg,HerbaceousVegetation
/work/cvcs2024/air_pollution_prediction/miniEuroSAT/HerbaceousVegetation/HerbaceousVegetation_2940.jpg,HerbaceousVegetation
/work/cvcs2024/air_pollution_prediction/miniEuroSAT/HerbaceousVegetation/HerbaceousVegetation_2947.jpg,HerbaceousVegetation
/work/cvcs2024/air_pollution_prediction/miniEuroSAT/HerbaceousVegetation/HerbaceousVegetation_2991.jpg,HerbaceousVegetation
/work/cvcs2024/air_pollution_prediction/miniEuroSAT/HerbaceousVegetation/HerbaceousVegetation_2996.jpg,HerbaceousVegetation
/work/cvcs2024/air_pollution_prediction/miniEuroSAT/AnnualCrop/AnnualCrop_71.jpg,AnnualCrop
/work/cvcs2024/air_pollution_prediction/miniEuroSAT/AnnualCrop/AnnualCrop_76.jpg,AnnualCrop
/work/cvcs2024/air_pollution_prediction/miniEuroSAT/AnnualCrop/AnnualCrop_102.jpg,AnnualCrop
/work/cvcs2024/air_pollution_prediction/miniEuroSAT/AnnualCrop/AnnualCrop_105.jpg,AnnualCrop
/work/cvcs2024/air_pollution_prediction/miniEuroSAT/AnnualCrop/AnnualCrop_177.jpg,AnnualCrop
/work/cvcs2024/air_pollution_prediction/miniEuroSAT/AnnualCrop/AnnualCrop_179.jpg,AnnualCrop
/work/cvcs2024/air_pollution_prediction/miniEuroSAT/AnnualCrop/AnnualCrop_212.jpg,AnnualCrop
/work/cvcs2024/air_pollution_prediction/miniEuroSAT/AnnualCrop/AnnualCrop_215.jpg,AnnualCrop
/work/cvcs2024/air_pollution_prediction/miniEuroSAT/AnnualCrop/AnnualCrop_269.jpg,AnnualCrop
/work/cvcs2024/air_pollution_prediction/miniEuroSAT/AnnualCrop/AnnualCrop_331.jpg,AnnualCrop
/work/cvcs2024/air_pollution_prediction/miniEuroSAT/AnnualCrop/AnnualCrop_336.jpg,AnnualCrop
/work/cvcs2024/air_pollution_prediction/miniEuroSAT/AnnualCrop/AnnualCrop_344.jpg,AnnualCrop
/work/cvcs2024/air_pollution_prediction/miniEuroSAT/AnnualCrop/AnnualCrop_395.jpg,AnnualCrop
/work/cvcs2024/air_pollution_prediction/miniEuroSAT/AnnualCrop/AnnualCrop_440.jpg,AnnualCrop
/work/cvcs2024/air_pollution_prediction/miniEuroSAT/AnnualCrop/AnnualCrop_447.jpg,AnnualCrop
/work/cvcs2024/air_pollution_prediction/miniEuroSAT/AnnualCrop/AnnualCrop_491.jpg,AnnualCrop
/work/cvcs2024/air_pollution_prediction/miniEuroSAT/AnnualCrop/AnnualCrop_496.jpg,AnnualCrop
/work/cvcs2024/air_pollution_prediction/miniEuroSAT/AnnualCrop/AnnualCrop_518.jpg,AnnualCrop
/work/cvcs2024/air_pollution_prediction/miniEuroSAT/AnnualCrop/AnnualCrop_563.jpg,AnnualCrop
/work/cvcs2024/air_pollution_prediction/miniEuroSAT/AnnualCrop/AnnualCrop_564.jpg,AnnualCrop
/work/cvcs2024/air_pollution_prediction/miniEuroSAT/AnnualCrop/AnnualCrop_608.jpg,AnnualCrop
/work/cvcs2024/air_pollution_prediction/miniEuroSAT/AnnualCrop/AnnualCrop_673.jpg,AnnualCrop
/work/cvcs2024/air_pollution_prediction/miniEuroSAT/AnnualCrop/AnnualCrop_674.jpg,AnnualCrop
/work/cvcs2024/air_pollution_prediction/miniEuroSAT/AnnualCrop/AnnualCrop_750.jpg,AnnualCrop
/work/cvcs2024/air_pollution_prediction/miniEuroSAT/AnnualCrop/AnnualCrop_757.jpg,AnnualCrop
/work/cvcs2024/air_pollution_prediction/miniEuroSAT/AnnualCrop/AnnualCrop_781.jpg,AnnualCrop
/work/cvcs2024/air_pollution_prediction/miniEuroSAT/AnnualCrop/AnnualCrop_786.jpg,AnnualCrop
/work/cvcs2024/air_pollution_prediction/miniEuroSAT/AnnualCrop/AnnualCrop_832.jpg,AnnualCrop
/work/cvcs2024/air_pollution_prediction/miniEuroSAT/AnnualCrop/AnnualCrop_835.jpg,AnnualCrop
/work/cvcs2024/air_pollution_prediction/miniEuroSAT/AnnualCrop/AnnualCrop_849.jpg,AnnualCrop
/work/cvcs2024/air_pollution_prediction/miniEuroSAT/AnnualCrop/AnnualCrop_898.jpg,AnnualCrop
/work/cvcs2024/air_pollution_prediction/miniEuroSAT/AnnualCrop/AnnualCrop_911.jpg,AnnualCrop
/work/cvcs2024/air_pollution_prediction/miniEuroSAT/AnnualCrop/AnnualCrop_916.jpg,AnnualCrop
/work/cvcs2024/air_pollution_prediction/miniEuroSAT/AnnualCrop/AnnualCrop_918.jpg,AnnualCrop
/work/cvcs2024/air_pollution_prediction/miniEuroSAT/AnnualCrop/AnnualCrop_1028.jpg,AnnualCrop
/work/cvcs2024/air_pollution_prediction/miniEuroSAT/AnnualCrop/AnnualCrop_1053.jpg,AnnualCrop
/work/cvcs2024/air_pollution_prediction/miniEuroSAT/AnnualCrop/AnnualCrop_1054.jpg,AnnualCrop
/work/cvcs2024/air_pollution_prediction/miniEuroSAT/AnnualCrop/AnnualCrop_1082.jpg,AnnualCrop
/work/cvcs2024/air_pollution_prediction/miniEuroSAT/AnnualCrop/AnnualCrop_1085.jpg,AnnualCrop
/work/cvcs2024/air_pollution_prediction/miniEuroSAT/AnnualCrop/AnnualCrop_1170.jpg,AnnualCrop
/work/cvcs2024/air_pollution_prediction/miniEuroSAT/AnnualCrop/AnnualCrop_1177.jpg,AnnualCrop
/work/cvcs2024/air_pollution_prediction/miniEuroSAT/AnnualCrop/AnnualCrop_1260.jpg,AnnualCrop
/work/cvcs2024/air_pollution_prediction/miniEuroSAT/AnnualCrop/AnnualCrop_1267.jpg,AnnualCrop
/work/cvcs2024/air_pollution_prediction/miniEuroSAT/AnnualCrop/AnnualCrop_1338.jpg,AnnualCrop
/work/cvcs2024/air_pollution_prediction/miniEuroSAT/AnnualCrop/AnnualCrop_1343.jpg,AnnualCrop
/work/cvcs2024/air_pollution_prediction/miniEuroSAT/AnnualCrop/AnnualCrop_1344.jpg,AnnualCrop
/work/cvcs2024/air_pollution_prediction/miniEuroSAT/AnnualCrop/AnnualCrop_1392.jpg,AnnualCrop
/work/cvcs2024/air_pollution_prediction/miniEuroSAT/AnnualCrop/AnnualCrop_1395.jpg,AnnualCrop
/work/cvcs2024/air_pollution_prediction/miniEuroSAT/AnnualCrop/AnnualCrop_1432.jpg,AnnualCrop
/work/cvcs2024/air_pollution_prediction/miniEuroSAT/AnnualCrop/AnnualCrop_1435.jpg,AnnualCrop
/work/cvcs2024/air_pollution_prediction/miniEuroSAT/AnnualCrop/AnnualCrop_1449.jpg,AnnualCrop
/work/cvcs2024/air_pollution_prediction/miniEuroSAT/AnnualCrop/AnnualCrop_1498.jpg,AnnualCrop
/work/cvcs2024/air_pollution_prediction/miniEuroSAT/AnnualCrop/AnnualCrop_1511.jpg,AnnualCrop
/work/cvcs2024/air_pollution_prediction/miniEuroSAT/AnnualCrop/AnnualCrop_1516.jpg,AnnualCrop
/work/cvcs2024/air_pollution_prediction/miniEuroSAT/AnnualCrop/AnnualCrop_1601.jpg,AnnualCrop
/work/cvcs2024/air_pollution_prediction/miniEuroSAT/AnnualCrop/AnnualCrop_1606.jpg,AnnualCrop
/work/cvcs2024/air_pollution_prediction/miniEuroSAT/AnnualCrop/AnnualCrop_1722.jpg,AnnualCrop
/work/cvcs2024/air_pollution_prediction/miniEuroSAT/AnnualCrop/AnnualCrop_1725.jpg,AnnualCrop
/work/cvcs2024/air_pollution_prediction/miniEuroSAT/AnnualCrop/AnnualCrop_1759.jpg,AnnualCrop
/work/cvcs2024/air_pollution_prediction/miniEuroSAT/AnnualCrop/AnnualCrop_1788.jpg,AnnualCrop
/work/cvcs2024/air_pollution_prediction/miniEuroSAT/AnnualCrop/AnnualCrop_1840.jpg,AnnualCrop
/work/cvcs2024/air_pollution_prediction/miniEuroSAT/AnnualCrop/AnnualCrop_1847.jpg,AnnualCrop
/work/cvcs2024/air_pollution_prediction/miniEuroSAT/AnnualCrop/AnnualCrop_1891.jpg,AnnualCrop
/work/cvcs2024/air_pollution_prediction/miniEuroSAT/AnnualCrop/AnnualCrop_1896.jpg,AnnualCrop
/work/cvcs2024/air_pollution_prediction/miniEuroSAT/AnnualCrop/AnnualCrop_1918.jpg,AnnualCrop
/work/cvcs2024/air_pollution_prediction/miniEuroSAT/AnnualCrop/AnnualCrop_1963.jpg,AnnualCrop
/work/cvcs2024/air_pollution_prediction/miniEuroSAT/AnnualCrop/AnnualCrop_1964.jpg,AnnualCrop
/work/cvcs2024/air_pollution_prediction/miniEuroSAT/AnnualCrop/AnnualCrop_2019.jpg,AnnualCrop
/work/cvcs2024/air_pollution_prediction/miniEuroSAT/AnnualCrop/AnnualCrop_2062.jpg,AnnualCrop
/work/cvcs2024/air_pollution_prediction/miniEuroSAT/AnnualCrop/AnnualCrop_2065.jpg,AnnualCrop
/work/cvcs2024/air_pollution_prediction/miniEuroSAT/AnnualCrop/AnnualCrop_2141.jpg,AnnualCrop
/work/cvcs2024/air_pollution_prediction/miniEuroSAT/AnnualCrop/AnnualCrop_2146.jpg,AnnualCrop
/work/cvcs2024/air_pollution_prediction/miniEuroSAT/AnnualCrop/AnnualCrop_2190.jpg,AnnualCrop
/work/cvcs2024/air_pollution_prediction/miniEuroSAT/AnnualCrop/AnnualCrop_2197.jpg,AnnualCrop
/work/cvcs2024/air_pollution_prediction/miniEuroSAT/AnnualCrop/AnnualCrop_2251.jpg,AnnualCrop
/work/cvcs2024/air_pollution_prediction/miniEuroSAT/AnnualCrop/AnnualCrop_2256.jpg,AnnualCrop
/work/cvcs2024/air_pollution_prediction/miniEuroSAT/AnnualCrop/AnnualCrop_2258.jpg,AnnualCrop
/work/cvcs2024/air_pollution_prediction/miniEuroSAT/AnnualCrop/AnnualCrop_2280.jpg,AnnualCrop
/work/cvcs2024/air_pollution_prediction/miniEuroSAT/AnnualCrop/AnnualCrop_2287.jpg,AnnualCrop
/work/cvcs2024/air_pollution_prediction/miniEuroSAT/AnnualCrop/AnnualCrop_2309.jpg,AnnualCrop
/work/cvcs2024/air_pollution_prediction/miniEuroSAT/AnnualCrop/AnnualCrop_2372.jpg,AnnualCrop
/work/cvcs2024/air_pollution_prediction/miniEuroSAT/AnnualCrop/AnnualCrop_2375.jpg,AnnualCrop
/work/cvcs2024/air_pollution_prediction/miniEuroSAT/AnnualCrop/AnnualCrop_2403.jpg,AnnualCrop
/work/cvcs2024/air_pollution_prediction/miniEuroSAT/AnnualCrop/AnnualCrop_2404.jpg,AnnualCrop
/work/cvcs2024/air_pollution_prediction/miniEuroSAT/AnnualCrop/AnnualCrop_2478.jpg,AnnualCrop
/work/cvcs2024/air_pollution_prediction/miniEuroSAT/AnnualCrop/AnnualCrop_2520.jpg,AnnualCrop
/work/cvcs2024/air_pollution_prediction/miniEuroSAT/AnnualCrop/AnnualCrop_2527.jpg,AnnualCrop
/work/cvcs2024/air_pollution_prediction/miniEuroSAT/AnnualCrop/AnnualCrop_2630.jpg,AnnualCrop
/work/cvcs2024/air_pollution_prediction/miniEuroSAT/AnnualCrop/AnnualCrop_2637.jpg,AnnualCrop
/work/cvcs2024/air_pollution_prediction/miniEuroSAT/AnnualCrop/AnnualCrop_2639.jpg,AnnualCrop
/work/cvcs2024/air_pollution_prediction/miniEuroSAT/AnnualCrop/AnnualCrop_2713.jpg,AnnualCrop
/work/cvcs2024/air_pollution_prediction/miniEuroSAT/AnnualCrop/AnnualCrop_2714.jpg,AnnualCrop
/work/cvcs2024/air_pollution_prediction/miniEuroSAT/AnnualCrop/AnnualCrop_2768.jpg,AnnualCrop
/work/cvcs2024/air_pollution_prediction/miniEuroSAT/AnnualCrop/AnnualCrop_2871.jpg,AnnualCrop
/work/cvcs2024/air_pollution_prediction/miniEuroSAT/AnnualCrop/AnnualCrop_2876.jpg,AnnualCrop
/work/cvcs2024/air_pollution_prediction/miniEuroSAT/AnnualCrop/AnnualCrop_2929.jpg,AnnualCrop
/work/cvcs2024/air_pollution_prediction/miniEuroSAT/AnnualCrop/AnnualCrop_2952.jpg,AnnualCrop
/work/cvcs2024/air_pollution_prediction/miniEuroSAT/AnnualCrop/AnnualCrop_2955.jpg,AnnualCrop
/work/cvcs2024/air_pollution_prediction/miniEuroSAT/AnnualCrop/AnnualCrop_2983.jpg,AnnualCrop
/work/cvcs2024/air_pollution_prediction/miniEuroSAT/AnnualCrop/AnnualCrop_2984.jpg,AnnualCrop
/work/cvcs2024/air_pollution_prediction/miniEuroSAT/River/River_21.jpg,River
/work/cvcs2024/air_pollution_prediction/miniEuroSAT/River/River_28.jpg,River
/work/cvcs2024/air_pollution_prediction/miniEuroSAT/River/River_53.jpg,River
/work/cvcs2024/air_pollution_prediction/miniEuroSAT/River/River_54.jpg,River
/work/cvcs2024/air_pollution_prediction/miniEuroSAT/River/River_82.jpg,River
/work/cvcs2024/air_pollution_prediction/miniEuroSAT/River/River_85.jpg,River
/work/cvcs2024/air_pollution_prediction/miniEuroSAT/River/River_104.jpg,River
/work/cvcs2024/air_pollution_prediction/miniEuroSAT/River/River_171.jpg,River
/work/cvcs2024/air_pollution_prediction/miniEuroSAT/River/River_176.jpg,River
/work/cvcs2024/air_pollution_prediction/miniEuroSAT/River/River_178.jpg,River
/work/cvcs2024/air_pollution_prediction/miniEuroSAT/River/River_213.jpg,River
/work/cvcs2024/air_pollution_prediction/miniEuroSAT/River/River_261.jpg,River
/work/cvcs2024/air_pollution_prediction/miniEuroSAT/River/River_266.jpg,River
/work/cvcs2024/air_pollution_prediction/miniEuroSAT/River/River_339.jpg,River
/work/cvcs2024/air_pollution_prediction/miniEuroSAT/River/River_342.jpg,River
/work/cvcs2024/air_pollution_prediction/miniEuroSAT/River/River_345.jpg,River
/work/cvcs2024/air_pollution_prediction/miniEuroSAT/River/River_393.jpg,River
/work/cvcs2024/air_pollution_prediction/miniEuroSAT/River/River_394.jpg,River
/work/cvcs2024/air_pollution_prediction/miniEuroSAT/River/River_433.jpg,River
/work/cvcs2024/air_pollution_prediction/miniEuroSAT/River/River_434.jpg,River
/work/cvcs2024/air_pollution_prediction/miniEuroSAT/River/River_441.jpg,River
/work/cvcs2024/air_pollution_prediction/miniEuroSAT/River/River_448.jpg,River
/work/cvcs2024/air_pollution_prediction/miniEuroSAT/River/River_499.jpg,River
/work/cvcs2024/air_pollution_prediction/miniEuroSAT/River/River_510.jpg,River
/work/cvcs2024/air_pollution_prediction/miniEuroSAT/River/River_517.jpg,River
/work/cvcs2024/air_pollution_prediction/miniEuroSAT/River/River_519.jpg,River
/work/cvcs2024/air_pollution_prediction/miniEuroSAT/River/River_565.jpg,River
/work/cvcs2024/air_pollution_prediction/miniEuroSAT/River/River_600.jpg,River
/work/cvcs2024/air_pollution_prediction/miniEuroSAT/River/River_607.jpg,River
/work/cvcs2024/air_pollution_prediction/miniEuroSAT/River/River_672.jpg,River
/work/cvcs2024/air_pollution_prediction/miniEuroSAT/River/River_723.jpg,River
/work/cvcs2024/air_pollution_prediction/miniEuroSAT/River/River_724.jpg,River
/work/cvcs2024/air_pollution_prediction/miniEuroSAT/River/River_758.jpg,River
/work/cvcs2024/air_pollution_prediction/miniEuroSAT/River/River_787.jpg,River
/work/cvcs2024/air_pollution_prediction/miniEuroSAT/River/River_789.jpg,River
/work/cvcs2024/air_pollution_prediction/miniEuroSAT/River/River_833.jpg,River
/work/cvcs2024/air_pollution_prediction/miniEuroSAT/River/River_841.jpg,River
/work/cvcs2024/air_pollution_prediction/miniEuroSAT/River/River_846.jpg,River
/work/cvcs2024/air_pollution_prediction/miniEuroSAT/River/River_890.jpg,River
/work/cvcs2024/air_pollution_prediction/miniEuroSAT/River/River_897.jpg,River
/work/cvcs2024/air_pollution_prediction/miniEuroSAT/River/River_917.jpg,River
/work/cvcs2024/air_pollution_prediction/miniEuroSAT/River/River_919.jpg,River
/work/cvcs2024/air_pollution_prediction/miniEuroSAT/River/River_962.jpg,River
/work/cvcs2024/air_pollution_prediction/miniEuroSAT/River/River_965.jpg,River
/work/cvcs2024/air_pollution_prediction/miniEuroSAT/River/River_1020.jpg,River
/work/cvcs2024/air_pollution_prediction/miniEuroSAT/River/River_1027.jpg,River
/work/cvcs2024/air_pollution_prediction/miniEuroSAT/River/River_1029.jpg,River
/work/cvcs2024/air_pollution_prediction/miniEuroSAT/River/River_1055.jpg,River
/work/cvcs2024/air_pollution_prediction/miniEuroSAT/River/River_1103.jpg,River
/work/cvcs2024/air_pollution_prediction/miniEuroSAT/River/River_1104.jpg,River
/work/cvcs2024/air_pollution_prediction/miniEuroSAT/River/River_1171.jpg,River
/work/cvcs2024/air_pollution_prediction/miniEuroSAT/River/River_1178.jpg,River
/work/cvcs2024/air_pollution_prediction/miniEuroSAT/River/River_1213.jpg,River
/work/cvcs2024/air_pollution_prediction/miniEuroSAT/River/River_1214.jpg,River
/work/cvcs2024/air_pollution_prediction/miniEuroSAT/River/River_1266.jpg,River
/work/cvcs2024/air_pollution_prediction/miniEuroSAT/River/River_1268.jpg,River
/work/cvcs2024/air_pollution_prediction/miniEuroSAT/River/River_1330.jpg,River
/work/cvcs2024/air_pollution_prediction/miniEuroSAT/River/River_1337.jpg,River
/work/cvcs2024/air_pollution_prediction/miniEuroSAT/River/River_1434.jpg,River
/work/cvcs2024/air_pollution_prediction/miniEuroSAT/River/River_1441.jpg,River
/work/cvcs2024/air_pollution_prediction/miniEuroSAT/River/River_1446.jpg,River
/work/cvcs2024/air_pollution_prediction/miniEuroSAT/River/River_1448.jpg,River
/work/cvcs2024/air_pollution_prediction/miniEuroSAT/River/River_1490.jpg,River
/work/cvcs2024/air_pollution_prediction/miniEuroSAT/River/River_1497.jpg,River
/work/cvcs2024/air_pollution_prediction/miniEuroSAT/River/River_1499.jpg,River
/work/cvcs2024/air_pollution_prediction/miniEuroSAT/River/River_1510.jpg,River
/work/cvcs2024/air_pollution_prediction/miniEuroSAT/River/River_1519.jpg,River
/work/cvcs2024/air_pollution_prediction/miniEuroSAT/River/River_1562.jpg,River
/work/cvcs2024/air_pollution_prediction/miniEuroSAT/River/River_1565.jpg,River
/work/cvcs2024/air_pollution_prediction/miniEuroSAT/River/River_1607.jpg,River
/work/cvcs2024/air_pollution_prediction/miniEuroSAT/River/River_1609.jpg,River
/work/cvcs2024/air_pollution_prediction/miniEuroSAT/River/River_1672.jpg,River
/work/cvcs2024/air_pollution_prediction/miniEuroSAT/River/River_1675.jpg,River
/work/cvcs2024/air_pollution_prediction/miniEuroSAT/River/River_1751.jpg,River
/work/cvcs2024/air_pollution_prediction/miniEuroSAT/River/River_1756.jpg,River
/work/cvcs2024/air_pollution_prediction/miniEuroSAT/River/River_1780.jpg,River
/work/cvcs2024/air_pollution_prediction/miniEuroSAT/River/River_1787.jpg,River
/work/cvcs2024/air_pollution_prediction/miniEuroSAT/River/River_1833.jpg,River
/work/cvcs2024/air_pollution_prediction/miniEuroSAT/River/River_1834.jpg,River
/work/cvcs2024/air_pollution_prediction/miniEuroSAT/River/River_1846.jpg,River
/work/cvcs2024/air_pollution_prediction/miniEuroSAT/River/River_1848.jpg,River
/work/cvcs2024/air_pollution_prediction/miniEuroSAT/River/River_1899.jpg,River
/work/cvcs2024/air_pollution_prediction/miniEuroSAT/River/River_1910.jpg,River
/work/cvcs2024/air_pollution_prediction/miniEuroSAT/River/River_1917.jpg,River
/work/cvcs2024/air_pollution_prediction/miniEuroSAT/River/River_1962.jpg,River
/work/cvcs2024/air_pollution_prediction/miniEuroSAT/River/River_2011.jpg,River
/work/cvcs2024/air_pollution_prediction/miniEuroSAT/River/River_2016.jpg,River
/work/cvcs2024/air_pollution_prediction/miniEuroSAT/River/River_2018.jpg,River
/work/cvcs2024/air_pollution_prediction/miniEuroSAT/River/River_2132.jpg,River
/work/cvcs2024/air_pollution_prediction/miniEuroSAT/River/River_2135.jpg,River
/work/cvcs2024/air_pollution_prediction/miniEuroSAT/River/River_2149.jpg,River
/work/cvcs2024/air_pollution_prediction/miniEuroSAT/River/River_2198.jpg,River
/work/cvcs2024/air_pollution_prediction/miniEuroSAT/River/River_2222.jpg,River
/work/cvcs2024/air_pollution_prediction/miniEuroSAT/River/River_2225.jpg,River
/work/cvcs2024/air_pollution_prediction/miniEuroSAT/River/River_2259.jpg,River
/work/cvcs2024/air_pollution_prediction/miniEuroSAT/River/River_2288.jpg,River
/work/cvcs2024/air_pollution_prediction/miniEuroSAT/River/River_2301.jpg,River
/work/cvcs2024/air_pollution_prediction/miniEuroSAT/River/River_2306.jpg,River
/work/cvcs2024/air_pollution_prediction/miniEuroSAT/River/River_2470.jpg,River
/work/cvcs2024/air_pollution_prediction/miniEuroSAT/River/River_2477.jpg,River